A,B,C,D,E,F,G,H,I,J,K,L,M,N,O,P,Q,R,S,T,U,V,W,X,Y,Z,AA,AB,AC,AD,AE,AF,AG,AH
5,5,2.029275,4.825875,1.5961,2.2283,0.160075,5,2.386275,3.77185,0.806425,3.3608,0.757325,1.207875,0.062125,2.637475,0.944075,3.327725,5.32E-16,2.171225,1.3675,2.0486,1.60665,1.9917,1.835775,1.9883,2.039975,2.024,2.210175,2.08435,2.3428,2.15655,2.438825,b
5,5,2.415875,5,2.512125,5,2.19845,4.724125,2.52995,4.32705,2.63365,4.636075,2.520675,3.864775,2.507475,4.594375,2.1589,4.388375,2.2865,4.272175,1.81245,3.584625,2.19845,3.9382,1.4945,3.9746,1.946375,3.5775,2.065875,4.0109,1.8955,3.901125,1.54405,g
5,5,1.370975,5,5,4.2804,6.12E-16,2.5,2.5,2.5,2.5,2.5,2.5,-1.31E-15,2.8629,3.85235,1.51675,-3.71E-16,1.138325,0.750625,5,2.5,2.5,5,4.767375,3.790325,5,5,1.997525,3.14205,5,1.69045,5,b
5,5,2.439975,4.8535,2.663275,4.80265,1.918625,4.4288,2.090025,3.81995,1.993125,3.910225,2.4822,3.359875,1.813575,3.8235,1.9555,3.627675,2.054675,2.64955,1.610625,2.557725,1.178025,2.58215,0.87105,2.83225,1.16985,2.560775,0.945075,2.357325,1.010675,2.3848,0.857575,g
5,2.558425,2.4852,2.2519,2.201275,2.480925,2.2044,2.86765,2.665925,2.59465,2.34245,2.5,2.5,2.3857,2.1115,2.491425,2.2451,2.210625,2.36465,2.54595,2.591725,2.537975,2.5222,2.587825,2.461625,2.419,2.730575,2.303525,2.5183,2.5,2.5,2.499025,2.800275,b
5,4.9397,2.23495,4.865025,1.98,4.82015,1.79125,4.6499,1.81645,4.49415,1.301775,4.455625,1.2309,4.3657,0.9641,3.948625,0.79785,3.4463,0.658975,3.4081,0.58595,3.29745,0.506175,3.0698,0.45915,2.841475,0.43725,2.61515,0.440125,2.39345,0.46705,2.1542,0.475625,g
6.12E-16,2.5,2.5,2.5,2.5,5,6.12E-16,2.5,2.5,0,-6.12E-16,2.5,2.5,2.5,2.5,5,5,-1.22E-15,6.12E-16,2.5,2.5,2.5,2.5,5,5,5,5,2.5,2.5,5,5,2.5,2.5,b
5,4.908875,2.32005,5,2.141675,5,1.967175,5,1.59565,4.81425,1.410775,4.86275,1.4833,4.7598,1.340475,4.957625,1.618575,4.613425,0.8495,4.38365,0.985275,4.240925,0.894375,4.62765,0.864,3.939425,0.7572,3.135875,0.902025,3.62785,0.680525,3.472375,0.6645,g
5,2.4534,2.288525,2.5,2.5,2.5,2.5,2.78675,1.82975,1.358425,1.5457,2.5,2.5,1.6586,3.46505,1.571675,2.87545,4.0932,3.052875,2.5,2.5,2.5,2.5,2.129925,2.46685,3.016125,2.44265,2.5,2.5,2.914875,3.10215,2.2948,3.451625,b
5,5,2.666375,5,2.0403,5,1.817,5,1.422325,5,1.466275,4.9058,1.20315,4.767775,1.024575,4.73075,0.83815,4.2469,0.725075,4.266125,0.592,4.077025,0.4864,3.896675,0.2718,3.680275,0.3375,3.507575,0.408125,3.2749,0.272675,3.074875,0.27105,g
5,5,1.14475,5,-2.45E-15,5,1.22E-15,5,3.405425,5,1.472025,5,5,5,-1.22E-15,5,1.76615,5,0.160025,5,5,5,5,5,1.4778,5,0.931375,5,-2.45E-15,5,1.22E-15,5,-1.22E-15,b
5,5,2.0921,5,2.245775,4.999975,2.120075,5,2.018075,4.851375,1.621225,4.893375,1.755375,4.842975,1.6397,4.86215,1.79735,4.753425,1.415425,4.651075,1.3173,4.574675,1.2195,4.602,1.321575,4.4056,1.04075,4.143075,0.78015,4.21785,0.886575,4.118175,0.81935,g
5,5,0.332475,5,3.057,4.6373,1.5026,5,2.19775,5,3.378675,5,2.6943,5,2.130825,5,-2.45E-15,5,9.91E-16,4.045775,2.895075,5,4.058725,5,2.0747,5,3.3981,5,0.83765,5,4.7107,5,2.02935,b
5,5,2.6845,5,2.5855,5,2.360925,5,2.7191,5,2.991275,5,3.0082,5,2.819625,5,2.764025,5,3.177175,5,3.61895,5,3.54375,5,3.000825,5,3.418575,4.890075,3.716025,5,3.3123,5,3.6678,g
5,3.7733,0.1501,5,3.1677,2.412,1.22E-15,5,-1.22E-15,3.592125,-1.49E-15,2.5,2.5,-1.01E-15,1.643375,1.557975,2.590575,5,6.12E-16,2.5,2.5,2.5,2.5,2.093675,4.8059,3.4938,3.162525,2.5,2.5,5,3.0797,2.5,2.5,b
5,4.991125,2.6617,5,2.4691,4.945275,2.56245,4.9028,2.5578,4.98185,2.6952,4.733075,2.75865,4.8553,2.631725,4.720225,2.778,4.6526,2.715775,4.540825,2.79575,4.5917,2.86105,4.533225,2.8353,4.4869,2.84095,4.47775,2.884475,4.42805,2.89825,4.273525,2.800375,g
6.12E-16,2.5,2.5,0,-1.22E-15,5,5,-2.45E-15,5,1.22E-15,5,5,1.22E-15,5,5,0,0,0,5,5,-1.22E-15,1.22E-15,5,-1.22E-15,5,5,-1.22E-15,1.22E-15,5,-1.22E-15,1.22E-15,5,-1.22E-15,b
5,4.176625,2.5632,4.16565,2.625775,3.929925,2.969025,2.7194,3.352025,4.090525,2.803275,4.052475,2.857125,4.465925,2.7744,3.959325,2.953775,2.859875,3.5306,3.8472,3.03315,3.7855,3.065625,3.72095,3.0931,3.654175,3.11545,3.585825,3.13265,3.516575,3.1448,5,3.3259,g
1.22E-15,5,-1.22E-15,2.5,2.5,2.5,2.5,5,5,5,-1.40E-15,0.703125,5,2.5,2.5,1.22E-15,5,5,5,-2.45E-15,5,5,3.90625,-9.57E-16,5,5,5,5,-2.45E-15,5,5,5,5,b
5,5,2.4847,5,2.25415,5,2.308775,5,2.234875,5,2.223175,5,1.512775,5,2.1096,4.8031,1.7029,4.661825,1.63665,4.792325,1.3982,4.9015,1.32835,4.54685,1.4907,4.567025,1.444225,4.3946,1.544225,4.5112,1.485625,4.35885,1.374025,g
1.22E-15,5,5,2.5,2.5,2.5,2.5,-6.12E-16,-1.50E-31,2.5,2.5,2.5,2.5,-6.12E-16,-1.50E-31,0,0,0,5,-2.45E-15,5,2.5,2.5,2.5,2.5,5,-1.22E-15,1.22E-15,5,-1.22E-15,5,-2.45E-15,5,b
5,4.901775,2.6772,5,2.6074,5,2.732825,4.754225,2.3714,4.731575,2.5645,4.58125,2.34645,4.68835,2.745775,4.4136,2.507,4.38015,2.367625,4.149025,2.302375,4.10395,2.351775,3.891925,2.307375,3.951275,2.444875,3.7416,2.468725,3.78275,2.499625,3.802475,2.49545,g
0,-1.22E-15,5,2.5,2.5,2.5,2.5,-1.84E-15,5,5,5,2.5,2.5,2.5,2.5,5,-1.22E-15,-3.00E-31,5,5,5,2.5,2.5,-6.12E-16,1.22E-15,5,-1.22E-15,5,5,-1.22E-15,5,2.5,2.5,b
5,5,2.34545,5,2.57355,5,2.371725,5,2.457325,5,2.20685,4.612325,2.36995,4.8348,2.33505,4.22925,2.315525,4.143275,1.990825,4.87275,1.71105,4.5213,1.70865,4.6233,1.62905,4.313225,1.77065,4.32735,1.5356,3.8589,1.8429,4.105175,1.512825,g
5,5,3.9455,5,-2.45E-15,5,1.22E-15,5,-1.22E-15,5,-2.45E-15,5,1.22E-15,5,-1.22E-15,5,-2.45E-15,5,1.22E-15,5,0.9301,5,-2.45E-15,5,1.22E-15,5,-1.22E-15,5,-2.45E-15,5,1.22E-15,5,-1.22E-15,b
5,5,2.28215,5,2.068425,4.665875,0.455525,4.870425,4.026325,4.886825,1.46545,4.71215,1.7066,4.698425,1.914175,4.526275,0.9455,2.806125,1.17E-15,4.7571,2.776325,4.058925,0.536325,3.884725,0.4283,3.7034,0.335425,3.51625,0.25815,3.3246,0.1968,2.166475,-5.31E-16,g
0,0,0,2.5,2.5,-6.12E-16,5,5,1.5625,2.5,2.5,2.5,2.5,2.5,2.5,5,-1.22E-15,-3.00E-31,1.22E-15,5,-1.22E-15,2.5,2.5,5,0,-1.22E-15,5,0,-6.12E-16,2.5,2.5,-1.84E-15,5,b
5,5,2.7095,5,2.934675,5,2.1673,4.9543,4.113,5,3.6976,5,3.977825,5,4.26895,5,4.569425,5,4.877475,5,5,4.95105,5,4.7906,5,4.597475,5,4.37055,5,4.10895,5,3.811975,5,g
0,0,0,5,5,5,0,-1.22E-15,5,5,-1.22E-15,-3.00E-31,6.12E-16,2.5,2.5,5,5,-1.22E-15,1.22E-15,5,-1.22E-15,5,-2.45E-15,5,5,5,-1.22E-15,5,-1.22E-15,-3.00E-31,5,5,-1.22E-15,b
5,5,2.1441,5,2.0936,5,1.9086,5,2.31215,5,1.87475,5,1.845975,5,1.950625,5,1.53485,5,1.34595,5,1.612025,5,1.008475,5,1.308925,4.9705,1.257825,5,0.6045,5,0.605975,5,0.389075,g
5,5,-1.22E-15,5,5,5,1.22E-15,5,-1.22E-15,5,-2.45E-15,5,2.454,5,-1.22E-15,5,5,5,0.360425,5,5,5,-1.84E-15,2.5,2.5,5,5,5,0.521475,5,5,5,5,b
5,4.7052,2.134025,4.8352,2.223575,4.8025,2.08875,4.707675,2.0741,4.71155,1.704775,4.631725,1.713425,4.5529,1.6019,4.517025,1.6592,4.381075,1.32445,4.263875,1.321175,4.15375,1.247875,4.032425,1.29785,3.9201,1.134275,3.754475,1.00365,3.676875,1.065575,3.554725,1.04785,g
5,4.281325,2.435125,3.532175,1.923325,4.950475,2.263175,4.992725,2.2441,5,2.226225,3.974125,5,4.59315,-1.12E-15,4.55675,2.053425,4.519,1.793575,1.85215,4.81825,3.798325,2.6364,4.137325,1.9902,4.8281,1.467325,4.095275,1.952475,4.6534,0.31615,1.92035,-4.70E-16,b
5,5,2.102525,4.30785,3.19215,4.586075,1.0403,5,1.794825,5,1.253425,4.49905,2.186825,4.420925,2.86595,5,3.483425,5,3.16475,4.90885,2.452725,4.814975,0.21655,5,2.870075,5,2.21045,5,2.221775,5,3.8343,5,1.05605,g
5,4.154025,-1.02E-15,5,5,5,0.816975,4.522325,1.48885,5,-2.45E-15,5,0.265625,5,4.334825,2.939725,4.27455,5,4.4509,5,4.6317,5,-2.45E-15,5,4.633925,5,2.285725,4.89955,1.59375,5,4.1317,5,3.3683,b
5,5,2.510825,5,2.469775,5,2.426,5,2.32465,4.945975,2.3436,5,2.3364,4.931525,2.302075,4.814025,2.158375,4.8546,2.141825,4.989725,2.1438,4.870375,2.160875,4.736725,1.978725,4.726675,2.052275,4.6411,2.0362,4.594425,1.997475,4.596675,1.98085,g
1.22E-15,5,5,5,-1.84E-15,2.5,2.5,2.5,2.5,0,-6.12E-16,2.5,2.5,2.5,2.5,1.22E-15,5,5,5,-2.45E-15,5,1.22E-15,5,5,1.22E-15,5,5,1.22E-15,5,5,5,2.5,2.5,b
5,4.781025,2.608675,4.854775,2.557,4.867625,2.633625,4.83955,2.533025,4.797775,2.6587,4.81915,2.801675,4.8012,2.655275,4.722475,2.81805,4.5936,2.860975,4.524575,2.796225,4.426025,2.85555,4.393875,2.782475,4.33875,2.83205,4.159675,2.8825,4.273125,2.76885,4.13145,2.786175,g
5,5,2.561525,4.9918,2.621525,4.938625,2.678575,4.043625,-9.90E-16,4.7759,2.778675,4.71155,3.841,4.551925,2.853425,4.423225,2.879725,5,3.525075,4.14625,2.909275,4.00345,2.9129,3.86115,2.90975,3.721675,2.900475,3.587025,2.8859,3.4588,2.866925,5,5,b
5,5,2.66345,5,3.01865,5,3.157025,4.826275,3.305325,4.669325,3.475975,4.38685,3.75205,4.488875,3.808025,4.14885,4.0189,3.940475,4.074975,3.695175,4.178375,3.513825,4.221,3.3596,4.30205,3.1928,4.30965,2.9824,4.26705,2.7843,4.3172,2.67475,4.2861,g
5,-1.22E-15,-3.00E-31,5,5,5,2.140625,2.5,2.5,1.22E-15,5,5,5,2.947925,-7.22E-16,0,-6.66E-16,2.71875,1.22E-15,5,-1.22E-15,1.22E-15,5,-1.22E-15,1.22E-15,5,-1.22E-15,0,-1.22E-15,5,5,2.5,2.5,b
5,4.7733,2.719775,4.6632,2.9222,5,2.91495,3.879675,4.20385,4.255175,3.417975,2.90715,3.568475,3.9405,3.65215,3.776675,3.74045,3.290975,2.824175,3.4456,3.86155,3.28185,3.89565,3.1214,3.913175,2.96565,3.915125,2.815875,3.902525,2.673175,3.876525,2.803425,4.193475,g
5,0.89285,-2.19E-16,5,4.571425,5,1.22E-15,5,1.915175,5,4.904025,5,1.558025,5,-1.22E-15,5,2.845975,5,1.22E-15,5,2.415175,0.39285,5,3.84375,4.64285,5,5,5,-2.45E-15,5,1.22E-15,5,-1.22E-15,b
5,4.975625,2.355375,4.994825,2.174775,4.966575,2.01425,4.98435,1.853925,4.81845,1.74675,4.816275,1.550875,4.7453,1.4051,4.62305,1.1984,4.685825,1.073125,4.4754,1.004025,4.368125,0.884625,4.20705,0.788025,4.131175,0.67065,4.02525,0.616175,3.8688,0.49305,3.729875,0.418875,g
6.12E-16,2.5,2.5,2.5,2.5,2.5,2.5,5,5,5,5,2.5,2.5,2.5,2.5,1.5625,-3.83E-16,-9.37E-32,6.12E-16,2.5,2.5,2.5,2.5,-6.12E-16,0,0,0,1.22E-15,5,5,2.5,2.5,2.5,b
5,5,2.40675,5,2.315425,4.990025,2.224025,4.99595,2.251725,4.973525,2.15465,4.91685,1.957625,4.8822,1.872525,4.7809,1.64,4.764525,1.6962,4.749775,1.632725,4.69685,1.558925,4.655325,1.42525,4.5793,1.42195,4.535825,1.435175,4.447975,1.300575,4.377875,1.2462,g
5,4.86495,2.432875,7.72E-16,3.153275,1.590175,3.390975,4.23145,0.914325,5,2.416175,1.7745,2.48625,1.1287,2.8863,4.798025,1.34325,5,1.2394,1.756625,1.71365,0.6534,3.434025,4.5968,1.33165,3.8052,1.04675,5,0.965175,2.25915,3.011925,2.347075,3.547825,b
5,4.95415,2.52185,4.952575,2.40455,4.939125,2.357525,4.898675,2.325725,4.9751,2.387325,4.867825,2.22245,4.834225,2.18025,4.855425,2.210425,4.49205,2.02,4.70685,2.065325,4.656425,2.031525,4.712175,2.007775,4.545325,1.9716,4.46365,1.9034,4.422775,1.922625,4.358075,1.90245,g
5,2.5,2.5,5,3.7931,2.5,2.5,2.774775,-6.80E-16,2.5,2.5,2.5,2.5,-1.09E-15,1.93965,1.107225,0.417575,4.4235,4.078675,2.5,2.5,3.8362,3.3917,0.24245,3.6207,5,-1.22E-15,1.11E-15,4.539325,2.5,2.5,2.5,2.5,b
5,4.60335,2.04095,3.5911,2.572975,4.835525,2.493325,4.698675,2.844875,4.528025,2.455275,4.713975,3.874775,4.79285,1.06285,4.375,1.762,4.6669,1.9974,5,5,3.66525,2.09275,4.75165,2.43055,4.83395,2.47105,4.03955,1.69255,4.611575,1.85735,4.833075,2.464375,g
1.22E-15,5,5,5,-1.84E-15,2.5,2.5,2.5,2.5,5,5,5,5,-1.22E-15,-3.00E-31,5,-1.22E-15,-3.00E-31,5,2.5,2.5,5,-2.45E-15,5,1.22E-15,5,5,0,-6.12E-16,2.5,2.5,2.5,2.5,b
5,5,5,5,5,4.77525,5,1.82575,5,0.4212,5,-1.22E-15,5,-2.28E-15,4.31315,2.59E-16,1.055525,-2.59E-16,1.4487,-3.55E-16,-8.69E-32,1.17905,-1.45E-15,4.75035,1.22E-15,5,-1.22E-15,5,-2.45E-15,5,1.63285,5,3.371125,g
5,0.801625,-1.96E-16,1.22E-15,5,5,4.082925,2.587875,-6.34E-16,0,-1.22E-15,5,5,4.717075,-1.16E-15,1.22E-15,5,4.596,5,5,-1.22E-15,0,-4.97E-16,2.0286,5,5,-1.22E-15,0,0,0,5,5,3.340275,b
5,4.891475,2.703575,4.937175,2.358325,4.929125,2.2879,4.902425,2.335975,4.867925,2.531975,4.8859,2.080125,4.8653,2.012575,4.99075,1.6933,4.758575,1.60245,4.7857,1.8171,4.7535,1.754825,4.997475,1.481325,4.6811,1.63535,4.801475,1.734525,4.598775,1.523475,4.55415,1.470675,g
5,2.708325,1.982875,1.22E-15,5,-1.22E-15,5,4.296875,3.679325,0.446425,0.931925,-2.28E-16,0,-1.22E-15,5,2.431175,3.9788,1.447175,1.447175,0.6343,-1.55E-16,3.26E-16,1.329975,-3.26E-16,3.09525,5,-1.22E-15,3.74E-16,1.52715,-3.74E-16,0,-9.89E-16,4.03645,b
5,5,2.443525,5,2.38765,5,2.33295,5,2.280025,5,3.904325,5,2.18155,5,2.13695,5,3.310175,5,2.059025,4.9871,2.026275,4.890025,1.997975,5,0.1929,4.682,1.955175,4.573,1.94075,4.461975,1.930875,4.3498,1.925475,g
0,-1.22E-15,5,5,-1.22E-15,-3.00E-31,5,2.5,2.5,5,5,-1.22E-15,2.03125,5,5,0,-1.22E-15,5,0,0,0,5,5,5,1.22E-15,5,5,5,5,2.5,2.5,-6.12E-16,-1.50E-31,b
5,5,2.6453,4.863125,2.68545,4.9988,2.830775,5,2.452225,4.87115,2.675825,4.892825,2.8661,4.87155,2.7806,4.7724,3.002975,4.918525,2.906625,4.992375,2.85645,4.7696,2.91025,4.791675,3.060775,4.710575,3.089275,4.7142,3.062775,4.4581,3.2394,4.58935,3.27915,g
5,2.9297,-7.18E-16,1.22E-15,5,2.5,2.5,2.5,2.5,1.22E-15,5,2.5,2.5,0.96615,0.8073,4.513025,3.40365,3.799475,2.859375,2.5,2.5,4.46E-16,1.822925,0.3802,4.90625,5,5,1.03E-15,4.1927,2.5,2.5,2.5,2.5,b
5,5,2.744275,5,2.804925,5,3.06435,4.96505,2.730925,4.87325,2.980275,4.8248,3.1072,4.731025,3.208575,4.638225,3.168025,4.5914,3.328225,4.584825,3.29245,4.370725,3.489925,4.404825,3.36645,4.2113,3.56865,4.0691,3.650775,3.919775,3.675825,3.8563,3.772575,g
5,2.541675,1.609375,2.5,2.5,2.5,2.5,2.5,2.5,2.5,2.5,2.5,2.5,2.8073,1.125,3.070325,4.570325,5,1.4427,2.5,2.5,2.708325,-1.21E-15,2.234375,2.083325,5,0.583325,7.28E-16,2.97135,2.5,2.5,5,1.8177,b
5,5,2.920025,4.9838,2.90835,4.8654,3.333675,4.793975,3.06525,4.7852,3.427675,4.60625,3.672475,4.525275,3.730625,4.461825,3.707775,4.127275,3.924425,3.913825,3.951775,3.88965,4.118,3.707775,3.8809,3.582925,4.228225,3.3921,4.403675,3.348025,4.1711,3.052525,4.467125,g
5,4.0954,5,3.020825,-1.96E-15,5,5,4.692975,3.273025,0.82785,5,2.351975,3.9693,2.54385,2.6261,1.211625,-9.96E-16,2.85635,2.417775,3.316875,1.4035,1.22E-15,5,4.523025,1.22E-15,5,2.3465,5,5,3.01535,1.22E-15,5,5,b
5,5,1.463575,5,4.403275,4.6765,2.964825,5,2.251875,4.8461,3.69975,4.1363,2.098,5,2.521975,4.940325,1.24685,4.500625,1.887575,4.701625,2.022625,5,2.1922,4.839825,2.76695,4.82225,2.318775,5,1.815325,3.59925,2.996225,3.78455,2.36495,g
5,4.619575,2.76495,5,3.47825,5,1.02E-15,4.17345,2.7106,5,3.17595,5,4.01495,5,3.387675,5,2.5668,3.9606,1.424375,5,4.0874,4.72825,3.164625,4.775825,1.666675,5,2.89855,3.442025,2.451325,5,3.0616,5,3.435225,b
5,5,3.20115,5,2.561925,5,2.6941,5,2.607925,4.96905,3.33165,5,2.637225,5,2.6096,4.89375,1.88505,4.609275,2.2833,5,2.60375,4.998325,3.1844,5,1.5236,4.91035,2.44565,4.668675,3.084,4.86445,1.949475,4.508875,2.316775,g
1.22E-15,5,-1.22E-15,5,-2.45E-15,5,1.22E-15,5,-1.22E-15,5,5,5,5,5,-1.22E-15,5,5,5,5,5,5,5,-2.45E-15,5,1.22E-15,5,-1.22E-15,5,4.140625,2.5,2.5,5,-1.22E-15,b
5,5,4.1946,4.532725,4.550525,3.575475,5,3.015475,4.513525,1.4032,5,0.521625,4.4273,-1.94E-15,3.5067,1.52385,1.03415,0.052325,1.42945,0.672925,0.591525,1.558225,0.062725,3.53415,8.68E-16,3.54445,0.1676,3.144325,-1.96E-15,4.83925,1.61945,4.9704,2.58615,g
5,5,5,5,-2.45E-15,5,1.22E-15,5,5,5,5,5,5,5,-1.22E-15,5,5,5,5,5,5,5,5,5,5,5,3.75,2.5,2.5,5,1.22E-15,5,-1.22E-15,b
5,5,2.588225,5,2.957025,5,3.1742,5,3.1267,5,3.21945,5,3.466075,5,3.29185,5,4.142525,5,3.84615,5,4.031675,5,3.986425,4.739825,4.20815,4.73755,4.28435,4.640275,4.178725,4.359725,4.640275,4.287325,4.395925,g
1.22E-15,5,-1.22E-15,5,5,-1.22E-15,1.22E-15,5,-1.22E-15,2.5,2.5,2.5,2.5,-1.84E-15,5,5,-2.45E-15,5,1.53E-16,0.625,5,5,-2.45E-15,5,1.22E-15,5,-1.22E-15,0,-6.12E-16,2.5,2.5,5,-1.22E-15,b
5,4.902175,2.7155,4.919,2.981975,4.90065,3.186275,4.9511,3.3763,4.821675,3.657025,4.656625,3.812925,4.5705,3.96985,4.33105,4.226625,4.225075,4.3285,3.861825,4.2205,3.708475,4.404925,3.515375,4.367225,3.335025,4.5949,3.1236,4.651525,2.8439,4.670875,2.7262,4.657125,g
5,4.2361,3.472225,2.5,2.5,1.676575,4.246025,2.5,2.5,2.5,2.5,2.5,2.5,3.015875,1.89485,3.0258,2.9861,3.660725,4.454375,2.5,2.5,2.5,2.5,4.335325,3.184525,4.40475,4.0873,2.5,2.5,2.5,2.5,2.5,2.5,b
5,5,2.62675,5,2.770675,5,2.98745,5,3.211325,5,3.37065,5,3.456525,4.864375,3.572025,4.72815,3.759775,4.39765,3.970025,4.5161,3.99905,4.48945,4.06895,4.166075,4.09855,3.985425,4.235875,3.73845,4.3171,3.675675,4.292225,3.334525,4.381075,g
1.22E-15,5,5,2.5,2.5,5,1.22E-15,5,-1.22E-15,5,5,5,5,5,-1.22E-15,5,5,5,5,5,-1.22E-15,0,-1.22E-15,5,1.22E-15,5,-1.22E-15,5,5,2.5,2.5,5,-1.22E-15,b
5,5,2.60195,5,2.79955,5,2.903975,5,3.198025,4.967575,3.272225,4.818625,3.440975,4.77795,3.493725,4.548475,3.651475,4.465475,3.67485,4.485,3.90705,4.258275,3.953225,4.176925,3.993075,3.972575,4.02475,3.8488,4.0233,3.6328,4.0909,3.51105,4.06645,g
1.22E-15,5,5,5,-2.45E-15,5,5,5,5,5,5,5,5,5,5,5,-1.22E-15,-3.00E-31,5,-2.45E-15,5,1.22E-15,5,5,1.22E-15,5,5,1.22E-15,5,-1.22E-15,0,-1.22E-15,5,b
5,5,3.1042,5,3.71475,5,4.324325,5,5,5,5,5,5,5,4.4282,5,5,5,5,4.3617,5,4.741175,5,4.1157,5,3.456375,5,2.770475,5,2.06575,5,0.465425,5,g
1.22E-15,5,5,5,-2.45E-15,5,5,-2.45E-15,5,2.5,2.5,5,5,2.5,2.5,2.5,2.5,-6.12E-16,5,-2.45E-15,5,5,5,5,1.22E-15,5,5,5,5,5,0,-1.22E-15,5,b
5,5,2.3349,5,4.073425,5,2.738925,5,3.007,5,-2.45E-15,5,1.486025,5,2.103725,5,2.622375,5,0.96155,5,1.835675,5,-2.45E-15,5,1.04895,5,0.4657,5,-2.45E-15,5,0.536125,5,1.2937,g
1.22E-15,5,-1.22E-15,5,5,5,5,5,5,5,5,5,1.22E-15,5,-1.22E-15,5,5,5,1.22E-15,5,5,5,5,5,1.22E-15,5,5,5,-2.45E-15,5,5,5,-1.22E-15,b
5,4.806925,2.6951,4.816975,2.906275,4.74255,3.11545,4.602775,3.379925,4.470025,3.5549,4.2679,3.674575,4.2699,3.9119,4.011475,4.105,3.781175,4.1231,3.497575,4.174375,3.3558,4.208575,3.092325,4.40365,2.969125,4.347125,2.74235,4.27595,2.568375,4.4268,2.399425,4.237725,g
5,4.20495,2.06715,4.5583,3.0477,3.666075,3.32155,3.144875,3.9576,5,2.12015,2.5265,3.613075,2.5265,3.471725,2.967025,3.5292,2.764175,3.408825,2.608125,3.268625,2.497925,3.1234,2.42845,2.985125,2.39215,2.862025,2.380525,2.758725,2.385375,2.6766,2.399675,2.61465,b
5,4.3713,2.429725,4.142,2.37055,4.515525,2.570275,4.648675,2.562875,4.08655,2.7182,4.28995,2.696,4.326925,2.62945,4.46375,1.804725,4.1494,2.463025,4.46745,2.673825,3.365375,2.034025,4.134625,2.570275,4.025225,2.334075,3.83875,1.97115,3.9756,2.148675,3.909025,2.573975,g
5,3.479475,2.341425,4.9366,2.6082,5,5,3.395525,2.882475,3.86195,2.8265,4.039175,0.44775,3.9459,4.19775,4.169775,2.2388,3.66605,2.210825,4.13935,2.8698,4.580225,3.63805,3.675375,2.91045,3.732725,2.86575,3.311575,2.4347,3.47795,2.838025,3.360275,2.818875,b
5,4.188675,2.6132,4.424525,2.23585,4.43395,2.59435,4.15095,2.3868,4.1132,2.5283,4.1698,2.15095,4.301875,2.4434,4.424525,2.716975,4.047175,2.301875,4.396225,1.90565,4.34905,2.132075,4.62265,2.12265,4.34715,2.354975,4.1698,2.5566,4.660375,2.59435,4.3302,2.518875,g
5,4.318175,2.375,4.731025,2.58655,5,4.318175,4.1591,2.352275,3.70455,2.07955,4.545225,2.738975,3.92045,5,3.761375,3.04545,4.17045,2.75,5,1.75,4.9659,-2.18E-15,3.931825,3.318175,3.92455,2.866825,3.556825,2.70455,3.723175,2.866075,5,5,b
5,3.941175,2.460775,3.5098,2.5,3.460775,2.823525,3.5,2.35295,3.911775,2.85295,3.666675,2.705875,3.813725,2.36275,3.950975,2.539225,3.7549,2.5,3.64705,2.666675,3.950975,2.705875,3.7451,2.5098,3.715025,2.750975,3.656875,2.705875,3.62745,3.088225,3.578425,2.931375,g
5,3.5483,2.81205,3.375,2.8125,3.07955,3.198875,2.4091,3.60795,2.612925,3.40485,2.022725,3.3409,2.16625,3.18305,2.568175,3.511375,1.630675,2.818175,1.9993,2.62695,2.0341,3.4091,2.149925,2.37995,2.250725,2.32215,0,-5.94E-16,2.4271,2.3134,2.48685,2.34215,b
5,4.707625,1.9501,5,3.409325,4.560075,2.98015,4.62715,2.647525,4.76395,2.3927,4.629825,3.125,4.447425,3.13305,4.23015,3.9485,4.27575,3.4764,4.3294,3.189375,5,3.371775,3.919,3.800975,4.245275,3.830875,4.522525,3.9646,3.57565,4.273075,3.809025,3.854625,g
5,4.613925,2.2855,1.706375,0.486175,2.275975,1.089125,4.5162,2.6144,4.73785,2.480925,2.03765,4.09915,1.999525,0.798375,4.642525,2.2164,4.449475,2.106775,2.326025,3.77025,1.6468,4.52335,4.4733,2.40705,4.27205,1.8678,4.4471,2.147275,1.96615,0.54575,2.03765,1.003325,b
5,4.27175,1.880425,4.1087,2.6087,3.630425,3.456525,4.130425,2.956525,3.75,3.173925,3.94565,1.923925,3.760875,3.44565,3.4674,1.434775,3.402175,1.847825,3.173925,2.793475,3.83115,2.403875,3.2826,2.19565,3.74825,2.3934,3.7087,2.3888,4.1087,1.869575,3.760875,2.869575,g
5,1.1455,2.871525,1.65635,4.334375,3.8003,2.1517,3.297225,2.329725,3.018575,2.12075,3.6842,2.72445,3.908675,2.113,2.910225,3.630025,3.34365,2.58515,3.7616,2.678025,0.905575,0.95975,5,4.140875,3.5337,1.4971,2.12075,2.77865,2.559975,3.8955,3.8158,2.27555,b
5,3.23005,2.83955,3.633275,2.9202,3.794575,2.487275,3.8158,3.022075,3.81155,2.08405,3.6842,2.38115,3.88795,2.597625,4.5416,1.939725,3.561125,2.3939,3.374375,2.665525,3.204575,1.977925,3.793275,2.4206,3.759225,2.416225,3.365875,2.746175,4.26995,2.4533,3.488975,2.41935,g
5,4.478925,2.921275,2.5,2.5,3.913525,2.67185,3.4867,5,3.458975,4.988925,2.439025,3.830375,3.093125,2.8215,2.433475,4.87805,1.22505,4.62305,2.245,3.470075,1.4357,3.093125,0.21065,4.51775,1.64635,4.7062,1.04E-15,4.235025,-1.04E-15,2.8215,2.5,2.5,b
5,4.7529,2.915175,4.482475,3.434475,4.32475,3.762875,3.9946,4.324925,3.607575,4.5288,3.1103,4.687325,2.66095,4.62595,2.184725,4.6849,1.781525,4.490425,1.334125,4.1481,1.071625,3.845125,0.796025,3.498775,0.7039,3.145875,0.690775,2.78045,0.713125,2.361875,0.807525,2.0024,g
5,4.94285,2.976225,4.567075,3.656475,4.294275,3.9683,3.6992,4.60695,3.285225,4.816075,2.757225,4.848625,2.16865,4.60725,1.6995,4.7906,1.196375,4.488125,0.79315,3.7377,0.5648,3.338425,0.3656,2.946225,0.41715,2.46605,0.44085,2.016975,0.817775,1.65845,1.001425,1.2575,g
5,-1.22E-15,-3.00E-31,2.5,2.5,3.77035,0.53745,4.01465,3.322475,3.59E-16,1.4658,2.5,2.5,2.5,2.5,5,1.83225,3.41205,0.91205,4.9267,-1.21E-15,0,-1.22E-15,5,1.009775,-2.47E-16,-6.06E-32,0,-1.22E-15,5,6.12E-16,2.5,2.5,b
5,4.3521,2.62435,4.47685,2.563575,4.464375,2.594825,4.15575,2.7487,4.195025,3.2788,4.39835,2.6837,4.367375,2.71105,4.267025,2.303675,4.090325,2.5,4.250525,2.783875,4.204575,2.804625,4.1754,2.886125,4.10395,2.8402,4.142675,2.938475,3.993975,2.867425,3.936375,2.87785,g
5,5,-1.22E-15,2.5,2.5,4.448525,0.018375,4.52205,3.878675,1.4522,0.128675,2.5,2.5,2.5,2.5,4.301475,0.56985,4.338225,0.99265,2.5,2.5,2.95955,-7.25E-16,-1.78E-31,0,0,0,5,-2.45E-15,5,6.12E-16,2.5,2.5,b
5,5,2.542725,4.905375,2.42145,5,2.4141,5,2.373225,4.97565,2.3227,4.979325,2.27495,5,2.106825,5,2.143575,4.95775,2.204675,5,2.037025,5,2.0182,4.974275,1.947925,4.91225,1.993925,4.864975,2.071925,4.9109,1.935975,4.675275,1.9176,g
6.12E-16,2.5,2.5,2.5,2.5,2.5,2.5,2.5,2.5,2.5,2.5,2.5,2.5,2.5,2.5,2.5,2.5,2.5,2.5,2.5,2.5,2.5,2.5,2.5,2.5,5,-1.22E-15,2.5,2.5,2.5,2.5,2.5,2.5,b
5,4.8926,2.197625,4.08295,2.18275,4.909125,2.04395,4.92565,2.7115,4.800075,2.4719,4.588575,1.882025,5,1.715125,4.981825,1.9696,4.96695,1.97455,5,1.820875,4.82815,1.51355,5,2.019175,4.719825,1.710875,4.5357,1.9068,4.727375,1.703575,4.238275,1.460675,g
5,3.210225,1.70455,2.5,2.5,4.20455,8.00E-16,3.26705,4.895825,4.10985,2.660975,3.3712,0.3788,2.5,2.5,3.977275,1.600375,3.6269,0.48295,2.5,2.5,2.5,2.5,3.10605,2.945075,5,1.9034,2.651525,1.287875,2.9072,0.7481,2.5,2.5,b
5,4.86225,1.267225,5,2.4077,4.97245,0.3237,4.752075,4.17355,5,2.2474,5,2.187675,5,2.124575,5,2.057975,5,1.987725,5,1.9137,5,1.835725,5,1.7537,5,1.6674,5,1.576725,5,1.4815,5,1.381525,g
5,2.5,2.5,2.5,2.5,2.5,2.5,2.5,2.5,4.054875,5,2.5,2.5,2.5,2.5,3.414625,0.701225,3.90245,6.12E-16,2.5,2.5,2.5,2.5,2.5,2.5,5,2.7744,2.5,2.5,2.5,2.5,2.5,2.5,b
5,4.986225,2.51315,4.60205,2.217175,4.705925,2.089225,4.976525,2.343575,4.9121,2.3126,4.630525,2.57415,4.679025,1.9788,4.847025,2.175575,4.95745,2.276625,4.7469,2.501875,4.6959,2.35295,4.8342,2.0032,4.689475,2.05485,4.85735,2.085475,4.506325,1.856475,4.41465,1.80515,g
5,2.753375,2.770275,2.5,2.5,2.5,2.5,3.86825,4.5608,3.277025,5,2.5,2.5,2.5,2.5,3.42905,-1.65E-15,3.3277,6.12E-16,2.5,2.5,2.5,2.5,1.4358,1.22E-15,5,-1.22E-15,3.885125,1.908775,2.5,2.5,2.5,2.5,b
5,5,1.0694,4.97875,0.665725,4.73795,0.06375,5,1.60455,5,1.919275,4.07225,0.33995,5,1.061625,5,0.509925,4.419275,0.2762,4.915025,-1.20E-15,4.253,0.6276,4.04865,0.5774,3.844425,0.55035,4.5255,-2.33E-15,5,7.99E-16,3.261125,0.5972,g
5,4.147725,0.928025,2.5,2.5,2.5,2.5,4.431825,5,5,1.79925,2.5,2.5,2.5,2.5,4.053025,1.931825,4.602275,1.22E-15,5,-1.22E-15,2.5,2.5,2.5,2.5,5,0.151525,2.178025,0.17045,2.5,2.5,2.5,2.5,b
5,4.6571,2.98275,4.523,3.528725,4.180075,3.894625,3.863975,4.24905,3.417625,4.538325,2.990425,4.641775,2.398475,4.6571,2.068975,4.394625,1.6475,4.143675,1.295025,3.9023,0.99425,3.5249,1.01915,3.143675,0.92405,2.72045,1.068975,2.3046,1.12835,2.001925,1.4272,1.70115,g
5,3.55,0.975,2.5,2.5,5,1.16E-15,4.75,5,3.575,4.1,2.5,2.5,2.5,2.5,4.175,1.775,4.6,6.12E-16,2.5,2.5,2.5,2.5,3.025,4.2,5,3.05,2.5,2.5,2.5,2.5,2.5,2.5,b
5,5,3.084875,4.7851,3.800325,4.4505,4.3036,3.6915,4.60555,3.190975,4.79325,2.736675,4.7062,1.9505,4.7851,1.6458,4.387925,1.216,4.113175,0.886825,3.61535,0.64745,3.22905,0.72905,2.589775,0.706725,2.201425,0.87595,1.795425,1.218725,1.387375,1.5642,1.167025,g
5,4.783825,4.53965,0.675675,5,1.51335,3.893375,2.635125,3.24325,2.035025,2.243975,2.42105,2.27575,2.535025,2.414925,2.5277,2.486575,2.50855,2.502425,2.5012,2.501875,2.499925,2.500475,2.499925,2.50005,2.499975,2.5,2.5,2.5,2.5,2.5,2.5,2.5,b
5,3.035725,2.2619,3.333325,2.678575,2.9762,2.9762,3.09525,2.7381,3.5119,2.559525,3.2738,2.38095,3.2738,2.38095,3.214275,2.202375,3.333325,2.61905,3.2738,2.5,3.035725,2.202375,3.39285,2.38095,3.052725,2.44275,2.9762,2.5,2.924925,2.44915,2.86735,2.453075,g
5,5,2.13115,5,2.62295,3.934425,2.459025,4.13935,2.540975,4.63115,2.418025,4.303275,2.5,4.2213,2.090175,2.9918,2.13115,4.13895,2.0706,4.180325,2.581975,5,1.7623,3.2787,1.63935,3.809625,1.991875,3.319675,2.418025,3.196725,1.39345,3.7295,2.336075,b
5,4.95455,2.5,4.715675,2.578275,4.656225,2.6143,4.5,2.5,4.227275,2.613625,4.483575,2.7109,4.42795,2.739475,4.068175,3.136375,4.20455,2.818175,4.26685,2.8152,4.2151,2.837325,4.363625,3.068175,4.114525,2.8772,4.181825,2.568175,4.017875,2.911625,3.971,2.926925,g
5,3.48215,3.809525,0.5294,2.78355,2.0843,0.59055,4.166675,2.52975,4.553575,3.5119,0.81925,3.268225,1.630075,0.9083,3.660725,2.8869,3.86905,2.6488,1.20425,3.624025,1.308725,1.31015,3.303575,4.25595,3.799275,3.4712,3.928575,3.48215,1.127725,1.752125,3.136025,1.104075,b
5,4.672225,2.322225,5,2.43765,5,2.327775,4.69445,2.50555,4.5889,2.3389,5,2.317825,5,2,4.672225,2.633325,4.7,2.40555,5,2.21185,5,2.033325,4.6111,2.5889,5,2.14595,4.55555,2.133325,5,2.109775,5,1.39445,g
5,3.5909,2.181825,3.95455,2.136375,2.95455,0.818175,3.363625,2.4091,3.227275,2.363625,3.227275,3.227275,3.4091,1.45455,3,2.45455,3.4091,2.636375,2.818175,3.727275,4.04545,2.9091,3.318175,2.9091,3.52745,2.324325,3.363625,2.363625,2.818175,1.5909,3.227275,1.772725,b
5,5,0.188675,5,4.3868,3.726425,2.3585,4.0566,2.5,5,2.49865,3.632075,2.688675,4.0566,2.3585,4.97195,2.497875,3.82075,2.5,3.82075,2.688675,4.87975,2.4972,5,4.481125,4.8048,2.4968,4.8585,-2.41E-15,5,3.5849,3.5849,2.216975,g
5,4.34525,4.583325,0.59525,1.90475,3.333325,2.14285,3.63095,2.14285,0.817875,2.8202,3.333325,2.5,3.214275,2.321425,1.54465,3.779075,3.09525,2.559525,3.63095,2.61905,2.916675,1.84525,1.068625,2.24415,3.122225,1.223025,5,2.5,0.833325,2.38095,3.15475,2.559525,b
5,3.59375,2.604175,3.958325,2.239575,3.489575,2.5,3.333325,2.34375,3.697925,2.5,3.229175,2.760425,3.854175,2.552075,3.59375,1.927075,3.385425,1.927075,3.333325,2.708325,3.125,2.96875,3.489575,2.03125,3.6003,2.2484,3.541675,2.291675,3.958325,1.71875,3.333325,2.34375,g
5,5,5,2.5,2.5,2.5,2.5,2.5,2.5,3.6936,0.27255,1.2124,3.637225,0.112775,3.214275,4.11655,5,2.5,2.5,2.5,2.5,4.05075,3.007525,-7.37E-16,1.22E-15,5,-1.22E-15,5,5,2.5,2.5,2.5,2.5,b
5,4.880425,2.664875,4.84035,2.82575,4.7749,2.9788,4.622025,1.25095,4.750575,4.033,4.448425,3.3582,4.30635,3.4497,4.153625,3.5211,4.8868,3.99655,3.83145,3.6022,3.669325,3.612775,3.511,3.604975,3.35935,3.580525,4.75825,5,3.085125,3.4905,2.9658,3.429775,g
5,3.996,3.5083,4.570225,4.513025,4.400025,4.267725,4.60025,2.2254,4.932775,2.699525,4.8956,0.356825,4.79905,4.7111,4.8863,2.36985,4.716825,2.953375,4.9621,0.76015,4.66675,0.356125,3.2151,1.748425,5,2.9269,4.07395,3.566925,4.693925,4.525175,4.549475,4.22055,b
5,4.89705,2.753225,5,2.45205,4.957825,2.563875,4.92435,2.2671,4.973875,2.4321,4.9495,2.4226,5,2.366425,5,2.370525,4.846,2.538925,4.9405,2.2679,4.947225,2.36705,4.789175,2.108125,4.891925,2.325125,4.77445,2.532675,5,2.230075,4.8286,2.3278,g
5,2.5,2.5,1.6582,4.6347,2.5,2.5,4.221725,-1.03E-15,4.92695,3.284625,1.8488,1.0197,1.743975,4.139125,4.853875,2.909775,2.5,2.5,2.5,2.5,2.048925,-1.11E-15,2.5,2.5,5,-1.22E-15,2.5,2.5,2.611175,4.047025,2.5,2.5,b
5,4.923325,2.5219,5,2.521075,4.96645,2.480925,4.9467,2.4289,4.9955,2.41225,5,2.468225,5,2.435475,5,2.470625,4.962125,2.500625,5,2.4347,5,2.3814,4.900475,2.386825,4.9797,2.413175,4.9255,2.43805,5,2.403625,4.9605,2.3972,g
5,2.5,2.5,4.972975,1.932425,2.972975,2.364875,2.5,2.5,4.831075,2.682425,5,2,5,2.675675,5,2.216225,2.5,2.5,5,1.972975,5,1.45945,2.5,2.5,5,2.0608,2.5,2.5,5,1.85135,3.222975,2.1081,b
5,4.10305,2.535075,3.35365,2.439025,3.818775,2.58665,2.9878,2.804875,3.582825,2.618875,3.048775,2.62195,3.2317,2.5,3.414625,2.5,3.292675,2.682925,3.170725,2.804875,3.09245,2.645325,3.048775,2.7439,2.9826,2.641025,2.93525,2.6376,2.9878,2.5,2.926825,2.682925,g
5,5,5,5,-1.84E-15,2.5,2.5,2.5,2.5,5,5,5,1.22E-15,5,5,5,-1.84E-15,2.5,2.5,2.5,2.5,5,1.80555,2.5,2.5,5,-1.22E-15,5,5,5,6.12E-16,2.5,2.5,b
5,3.36735,3.0102,3.673475,3.11225,3.5204,3.0102,3.673475,3.62245,3.2653,3.9796,2.806125,3.87755,2.5,3.7755,2.34695,3.87755,1.9898,3.87755,1.785725,3.62245,1.785725,3.316325,0.9694,3.061225,1.335525,2.872375,1.0204,2.959175,1.63265,2.5,1.836725,1.88775,g
5,2.5,2.5,5,-1.84E-15,2.5,2.5,2.5,2.5,5,5,5,1.86645,5,3.0822,5,-1.84E-15,2.5,2.5,2.5,2.5,5,5,2.5,2.5,5,-1.22E-15,2.5,2.5,5,6.12E-16,2.5,2.5,b
5,4.74265,3.455875,4.7794,3.4375,4.356625,4.191175,3.6397,4.448525,2.97795,4.724275,2.44485,4.650725,1.9853,4.558825,1.5625,4.191175,1.25,3.69485,0.661775,3.455875,0.349275,2.7206,0.643375,2.1875,0.801875,1.896725,1.121325,1.433825,1.39705,1.231625,1.7831,1.08455,g
5,-2.01E-15,3.202625,3.05555,2.875825,0.607675,0.7254,1.732025,4.28105,1.22E-15,5,0.457525,3.349675,0.522875,2.43465,0.049025,0.424825,0.996725,1.1438,2.385625,0.424825,4.85295,0.14705,-3.60E-17,1.421575,4.359625,2.7294,6.44E-16,2.630725,2.957525,2.56535,1.494975,1.293975,b
5,3.166675,2.25,3.833325,2.5,3.333325,2.166675,3.416675,2.791675,3.916675,2.541675,4.291675,2.708325,4.25,2.333325,3.833325,3,3.541675,2.458325,3.291675,3,4.25,2.5,3.125,2.833325,3.65535,2.635975,3.5,2.583325,3.666675,2.583325,3.541675,2.375,g
5,1.833325,3.5,1.817425,2.803975,2.05555,2.3889,2.6548,2.328025,2.611525,2.564375,2.477875,2.56815,2.46035,2.49585,2.497675,2.477925,2.51175,2.496175,2.50345,2.50595,2.49715,2.50255,2.498275,2.49875,2.500475,2.498925,2.50065,2.500125,2.5,2.500375,2.4998,2.50005,b
5,5,1.55405,4.121625,3.24325,4.121625,1.8919,4.66215,2.972975,5,1.824325,3.783775,2.5,4.05405,2.364875,3.3108,1.95945,4.295825,2.05835,4.05405,2.635125,4.3919,2.83785,3.378375,1.75675,4.025775,1.945925,3.96195,1.924325,4.324325,1.013525,3.783775,1.8919,g
5,4.863275,2.4121,4.09E-16,1.669925,-4.09E-16,2.460925,4.93165,2.5293,4.833975,2.451175,-6.00E-16,2.91015,-1.32E-15,2.490225,4.882825,2.4121,4.8047,2.43165,0.019525,2.792975,0.166025,3.36915,4.892575,2.490225,4.551025,2.84395,4.75585,2.333975,-5.72E-16,2.03125,-8.99E-16,1.640625,b
5,4.88005,2.55635,4.843925,2.4682,4.83815,2.53035,4.917625,2.45665,4.9234,2.513,4.891625,2.4234,4.8815,2.489875,4.987,2.433525,4.994225,2.5448,4.8396,2.375725,4.845375,2.44075,4.9263,2.388725,4.905375,2.458825,4.934975,2.5477,4.88585,2.41475,4.89595,2.520225,g
5,5,2.361775,5,-2.14E-15,3.75,2.222225,3.402775,1.94445,5,1.8572,2.916675,2.222225,5,1.6335,5,1.528675,5,1.42845,2.5,1.875,5,1.241675,5,1.80555,5,1.0727,5,1.80555,5,0.9211,5,0.851625,b
5,3.27585,2.241375,3.10345,2.241375,3.01725,2.327575,2.685125,2.364225,2.591225,2.407775,2.542675,2.440425,2.518525,2.46295,2.507025,2.477675,2.50195,2.486925,2.499925,2.492525,2.4993,2.49585,2.499225,2.49775,2.499375,2.4988,2.49955,2.4994,2.4997,2.4997,2.4998,2.49985,g
5,4.068625,2.303925,4.313725,2.5,4.0196,2.303925,4.068625,2.205875,4.215675,2.205875,4.166675,2.156875,4.11765,2.2549,3.87255,2.205875,3.87255,1.960775,3.9706,2.0098,4.166675,1.911775,3.62745,1.86275,3.810225,1.8833,3.921575,1.715675,3.578425,1.960775,3.676475,1.813725,b
5,3.125,2.916675,3.666675,3.166675,2.9759,3.09915,2.69415,2.998475,2.52675,2.87305,2.440825,2.7547,2.407875,2.657925,2.40585,2.58645,2.41925,2.5383,2.43815,2.508925,2.45685,2.493175,2.472575,2.486525,2.484475,2.48535,2.49265,2.487,2.497775,2.4898,2.500625,2.492725,g
5,0.859375,2.890625,2.65625,2.5,2.5,2.65625,4.0625,2.65625,2.96875,2.5,2.421875,2.734375,2.65625,2.5,2.890625,2.109375,3.59375,1.5625,2.5,2.265625,2.5,2.5,2.578125,1.328125,2.578125,2.5,0.703125,2.578125,2.421875,2.5,2.5,2.734375,b
5,5,2.472975,5,2.432425,5,2.33785,4.878375,2.45945,4.972975,2.418925,4.972975,2.716225,5,2.33785,4.878375,2.729725,4.94595,2.486475,5,2.66215,5,2.6081,4.94595,2.729725,4.9639,2.531275,5,2.418925,5,2.567575,5,2.324325,g
5,4.631775,2.63565,5,2.701725,5,5,4.786825,2.480625,4.593025,2.5969,5,3.178825,5,5,4.534875,2.616275,4.76745,2.7907,5,3.76675,5,-2.33E-15,4.5155,2.5969,5,4.290325,4.6124,2.674425,5,4.682925,5,5,b
5,4.75935,2.4599,5,2.700525,5,2.5401,4.8262,2.513375,4.839575,2.4599,5,2.5,5,2.660425,5,2.620325,4.7861,2.60695,4.919775,2.553475,4.97325,2.4599,4.906425,2.6337,4.92435,2.6113,4.692525,2.52675,5,2.727275,4.946525,2.660425,g
5,1.9875,3.21875,3.075,2.75,3.20625,3.29375,3.30625,3.375,3.407125,1.634575,2.73125,3.1875,2.2625,3.025,2.28125,3.0875,1.645325,3.2852,1.3,2.3,3.2477,3.3294,1.05,1.9,3.30475,1.788125,1.325,2.9625,1.8224,1.7193,3.511125,2.57625,b
5,4,2.583325,4.083325,2.666675,4.25,2.666675,4.25,2.5,4.083325,2.5,4.5,2.5,4.333325,2.5,4.25,2.75,4.166675,2.75,4.333325,2.416675,4.416675,2.5,4.083325,2.833325,4.1483,2.7542,4,2.833325,4,2.916675,4.083325,2.916675,g
5,2.64665,2.47905,2.6676,2.52095,2.5,2.472075,2.513975,2.402225,2.5419,2.31145,2.486025,2.632675,2.660625,2.4162,2.5,2.737425,2.339375,2.68855,2.381275,2.56285,2.569825,2.486025,2.52095,2.513975,2.758375,2.47905,2.576825,2.493025,2.611725,2.5,2.618725,2.4162,b
5,4.866325,3.217825,4.31385,4.1812,3.6891,4.561375,2.531675,4.727725,1.878225,4.611875,1.3089,3.901975,0.602975,3.543575,0.838625,2.6802,0.86435,2.011875,1.188125,1.4,1.728725,1.122775,2.397025,0.8802,2.902125,1.0895,3.4188,1.452475,3.651475,1.936625,3.7594,2.3505,g
5,2.6365,2.535925,2.43535,2.61495,2.535925,2.61495,2.306025,2.52155,2.5431,2.334775,2.4066,2.60775,2.291675,2.38505,2.262925,2.70115,2.399425,2.6293,2.550275,2.557475,2.4066,2.471275,2.579025,2.47845,2.52155,2.5431,2.56465,2.528725,2.56465,2.528725,2.38505,2.485625,b
5,4.31035,2.4729,4.4926,2.5271,4.5,2.504925,4.475375,2.5271,4.4606,2.475375,4.58375,2.581275,4.628075,2.541875,4.502475,2.4803,4.477825,2.4261,4.399025,2.58375,4.36945,2.637925,4.315275,2.46305,4.451025,2.5153,4.352225,2.374375,4.5739,2.5739,4.475375,2.5197,g
5,2.5963,2.5642,2.5107,2.5,2.549925,2.450075,2.5535,2.375175,2.37875,2.4679,2.535675,2.44295,2.5,2.417975,2.3823,2.428675,2.4572,2.58915,2.5535,2.5107,2.6284,2.44295,2.6284,2.54635,2.59985,2.539225,2.549925,2.517825,2.4358,2.45365,2.464325,2.549925,b
5,3.67725,3.068775,3.5582,3.33995,3.141525,3.690475,2.5463,3.736775,2.4471,3.8492,1.646825,3.280425,1.46825,3.3135,1.210325,2.67195,1.25,2.209,2.129625,2.13625,2.129625,1.547625,1.918,2.506625,2.58935,1.706525,2.896825,1.957675,3.1217,1.891525,3.168,2.605825,g
5,2.7174,2.51715,2.848975,2.397025,2.76315,2.29405,2.81465,2.34555,3.083525,2.4714,2.808925,2.6945,2.866125,2.162475,3.22655,2.379875,2.974825,2.683075,2.79175,2.5,2.780325,2.494275,2.877575,2.242575,2.711675,2.534325,2.780325,2.3341,2.740275,2.316925,2.79175,2.328375,b
5,4.858325,3.46435,3.706575,4.11335,3.0393,4.43785,1.101475,4.122475,0.658125,3.5512,0.598725,2.5,0.93235,1.723025,1.540225,0.946075,2.180075,0.767825,3.747725,0.9095,4.287025,1.5585,4.346425,2.3629,4.00245,3.2596,3.638025,4.0128,2.56855,3.861975,1.9607,3.761425,g
5,2.549375,2.517625,2.60225,2.47885,2.5529,2.5282,2.5282,2.6093,2.50705,2.503525,2.549375,2.422425,2.450625,2.651625,2.39775,2.567,2.44005,2.489425,2.6093,2.436525,2.54585,2.5,2.5,2.468275,2.54585,2.4718,2.5141,2.461225,2.457675,2.44005,2.517625,2.5,b
5,4.6434,2.501875,4.548175,2.3581,4.438025,2.39545,4.607925,2.725925,4.65645,2.798725,4.701275,2.3469,4.45855,2.58775,4.592975,2.3301,4.58925,2.14525,4.703125,2.529875,4.762875,2.556,4.49215,2.45145,4.559575,2.40805,4.703125,2.339425,4.3484,2.45145,4.477225,2.27035,g
5,5,-1.22E-15,5,5,-1.22E-15,5,5,-1.22E-15,5,-1.22E-15,-3.00E-31,0,-1.22E-15,5,5,5,5,5,-2.45E-15,5,5,-2.45E-15,5,1.22E-15,5,5,5,5,-1.22E-15,5,-2.45E-15,5,b
5,4.630225,3.4813,3.472175,4.4108,2.72145,4.972575,1.434375,4.7186,0.594275,3.7495,0.1727,2.7692,0.3525,1.7239,0.84925,1.11845,2.0185,0.348425,3.2111,0.4876,4.116225,1.61925,4.44535,1.9169,4.29245,3.033575,3.44575,3.95775,2.991675,4.157875,2.219625,4.123325,g
5,5,5,5,3.78125,4.0625,1.22E-15,5,5,2.5625,2.578125,5,5,2.5,2.5,5,-2.45E-15,5,5,5,5,3.28125,5,5,5,5,5,5,5,0.140625,5,2.5,2.5,b
5,5,3.87255,4.068625,5,2.549025,5,1.2745,4.803925,0.441175,3.9706,-9.73E-16,2.794125,0.09805,1.666675,0.88235,0.784325,1.911775,0.343125,3.38235,-8.28E-16,4.36275,0.686275,4.803925,1.960775,4.82185,3.0469,4.313725,3.921575,3.088225,4.7549,2.205875,4.7549,g
5,2.5,2.5,0,0,0,5,2.5,2.5,1.22E-15,5,5,5,5,-1.22E-15,2.5,2.5,2.5,2.5,-6.12E-16,-1.50E-31,1.22E-15,5,5,3.59375,5,-1.22E-15,2.5,2.5,-6.12E-16,0,-1.22E-15,5,b
5,3.6111,3.6111,3.842375,4.769075,1.94445,5,1.666675,4.722225,8.16E-16,3.333325,-8.16E-16,2.222225,-1.02E-15,1.94445,0.833325,0.55555,3.8889,4.76E-16,1.94445,0.55555,4.44445,1.94445,3.333325,2.5,4.803,3.625475,3.93635,4.608825,3.05555,5,1.1111,5,g
6.12E-16,2.5,2.5,2.5,2.5,2.5,2.5,2.5,2.5,2.5,2.5,2.5,2.5,2.5,2.5,2.5,2.5,2.5,2.5,2.5,2.5,2.5,2.5,2.5,2.5,5,2.5,2.5,2.5,2.5,2.5,2.5,2.5,b
5,5,2.5,5,2.5,3.75,3.75,4.375,2.5,4.780025,2.80235,4.726675,2.85525,4.67305,2.9057,4.375,3.125,4.375,3.75,4.375,2.5,5,1.875,3.75,3.75,4.3486,3.1597,4.375,3.125,4.240875,3.22685,4.187325,3.257325,g
0,-1.22E-15,5,5,5,2.5,2.5,5,-1.22E-15,5,-2.45E-15,5,0,0,0,2.5,2.5,-6.12E-16,6.12E-16,2.5,2.5,2.5,2.5,-6.12E-16,1.22E-15,5,-1.22E-15,5,5,-1.22E-15,6.12E-16,2.5,2.5,b
5,5,2.5,5,2.5,4.166675,2.777775,5,2.222225,4.722225,2.222225,5,1.94445,4.44445,2.5,4.44445,2.5,5,2.222225,4.44445,2.222225,4.166675,2.222225,4.166675,2.5,4.758675,2.3662,5,2.777775,4.722225,2.222225,5,2.5,g
6.12E-16,2.5,2.5,2.5,2.5,2.5,2.5,2.5,2.5,2.5,2.5,-6.12E-16,6.12E-16,2.5,2.5,5,4.375,2.5,2.5,2.5,2.5,1.22E-15,5,2.5,2.5,5,-1.22E-15,0,-1.22E-15,5,5,2.5,2.5,b
5,5,3.636375,5,1.363625,5,2.727275,5,2.272725,5,2.5,5,1.818175,5,2.04545,5,2.727275,5,2.5,5,1.5909,5,2.727275,5,2.272725,5,2.37715,5,3.636375,5,1.818175,5,2.04545,g
5,4.053025,0.9091,2.5,2.5,2.5,2.5,3.36175,3.2197,3.570075,3.48485,2.3106,3.79735,3.4091,3.285975,1.1553,3.323875,2.803025,2.130675,2.54735,1.164775,1.0606,2.945075,3.229175,1.818175,3.14395,1.0606,3.57955,3.10605,2.95455,2.443175,2.926125,1.458325,b
5,5,2.794125,5,3.088225,5,3.5294,5,2.64705,5,3.088225,5,2.794125,5,3.676475,5,2.35295,5,2.205875,5,3.38235,5,3.5294,5,2.205875,5,3.005625,5,2.64705,5,3.38235,5,3.088225,g
5,2.5,2.5,2.28E-16,0.93085,5,3.7766,2.699475,1.9149,3.91E-16,1.59575,2.81915,1.023925,5,-1.22E-15,2.5,2.5,4.574475,2.300525,1.875,5,2.925525,0.731375,2.5,2.5,2.021275,1.329775,1.9415,1.2766,4.3617,4.76065,0.811175,3.643625,b
5,4.791675,3.229175,4.583325,2.083325,4.270825,3.125,4.6875,2.291675,4.791675,2.604175,4.583325,2.8125,4.270825,2.5,4.6875,2.604175,5,2.708325,4.166675,2.291675,4.375,2.916675,4.583325,2.1875,4.5949,2.637575,5,3.020825,4.270825,2.5,4.270825,2.604175,g
5,2.96475,2.083325,2.5,2.5,2.5,2.5,2.5,2.5,2.5,2.5,2.78845,2.023225,2.5,2.5,2.5,2.5,2.5,2.5,2.5,2.5,2.3718,2.335725,2.696325,2.72435,2.9327,2.227575,2.8125,2.740375,2.5641,2.3798,2.920675,2.988775,b
5,5,2.295425,5,2.21685,4.98115,1.75495,5,1.673125,4.91655,1.642975,4.6447,1.318375,4.7976,1.29575,4.3271,0.8694,4.203275,0.9114,4.56125,0.5421,3.970725,0.630375,4.175825,0.0926,3.718925,0.358275,3.448525,0.402675,3.102925,0.27885,3.230525,0.259475,g
5,5,5,1.22E-15,5,-1.22E-15,0.4386,3.366225,3.026325,3.651325,2.67545,3.070175,2.64255,3.3772,3.366225,4.320175,2.401325,3.070175,3.82675,2.5,2.5,1.754375,2.0943,5,0.833325,5,-1.22E-15,5,1.885975,3.3772,3.004375,4.572375,2.697375,b
5,5,3.101925,4.995375,2.509225,4.5061,1.746675,4.747975,1.91285,4.266075,1.898075,4.346375,1.736525,4.2873,1.59805,3.67985,0.970275,3.511825,1.123525,4.026025,1.5168,3.8294,1.682975,3.09915,1.19645,3.2302,1.29025,2.819425,1.521425,2.891425,1.216775,2.958825,1.334925,g
0,-1.22E-15,5,5,-1.84E-15,2.5,2.5,2.5,2.5,5,-2.45E-15,5,5,2.5,2.5,5,-1.84E-15,2.5,2.5,2.5,2.5,5,5,-1.22E-15,5,5,-1.22E-15,1.22E-15,5,-1.22E-15,6.12E-16,2.5,2.5,b
5,4.806175,2.0138,4.910475,2.05815,4.6756,1.93495,4.54255,1.82325,4.481775,1.777275,4.25755,1.259025,4.08345,1.250825,3.43135,0.731775,3.17675,0.697275,3.51265,1.1457,3.337725,1.007725,2.86875,0.909975,2.7328,1.010275,2.32095,1.1268,2.454,1.14815,2.313575,1.30255,g
5,-1.22E-15,-3.00E-31,1.23265,5,5,1.22E-15,5,3.845475,2.5,2.5,3.09895,1.22E-15,5,5,2.5,2.5,5,5,5,5,2.5,2.5,0.7118,5,3.333325,-8.16E-16,5,-2.26E-15,4.2448,9.04E-16,3.689225,5,b
5,4.604425,3.5865,3.75,4.404,2.7479,4.8365,1.5559,4.70465,0.690925,4.029525,0.15295,2.985225,0.332275,1.861825,0.928275,0.8597,1.872375,0.35865,2.906125,0.33755,3.786925,0.82805,4.372375,1.777425,4.448425,2.698325,4.103375,3.570675,3.285875,4.061175,2.48945,4.235225,g
5,5,5,2.5,2.5,5,0,0,0,5,5,5,6.12E-16,2.5,2.5,5,-2.45E-15,5,5,2.5,2.5,5,-1.22E-15,-3.00E-31,1.22E-15,5,5,1.22E-15,5,-1.22E-15,5,2.5,2.5,b
5,5,4.0887,5,5,4.428075,5,1.666675,5,1.22E-15,5,2.5,5,-2.45E-15,5,6.12E-16,2.5,-6.12E-16,0.833325,-2.50E-16,0.1866,4.08E-16,1.666675,1.666675,7.30E-16,2.980875,-7.30E-16,5,-1.84E-15,2.5,1.22E-15,5,0.833325,g
0,-1.22E-15,5,0,-6.12E-16,2.5,2.5,-1.84E-15,5,5,-1.22E-15,-3.00E-31,0,-1.22E-15,5,2.5,2.5,-6.12E-16,0,-1.22E-15,5,2.5,2.5,5,1.22E-15,5,5,5,-2.45E-15,5,5,2.5,2.5,b
5,5,2.671075,5,2.855275,5,3.0527,5,2.1875,5,3.487375,5,3.724525,5,3.97465,1.5625,5,5,2.5,5,4.800025,5,5,5,5,5,5,5,3.125,5,5,5,5,g
0,0,0,2.5,2.5,2.5,2.5,2.5,2.5,2.5,2.5,2.5,2.5,5,-1.22E-15,2.5,2.5,-6.12E-16,6.12E-16,2.5,2.5,5,5,5,1.22E-15,5,-1.22E-15,2.5,2.5,2.5,2.5,2.5,2.5,b
5,4.123675,2.3026,3.9566,2.1405,2.171775,1.9654,3.2449,2.610075,3.4524,1.841525,3.223275,1.700075,2.586475,2.026325,3.006725,1.763975,2.8799,1.7737,2.737825,1.711875,2.6639,1.830125,2.5751,1.8719,2.49885,1.91975,2.4347,1.971775,2.382075,2.02625,2.5334,1.819975,g
5,2.5,2.5,2.5,2.5,2.5,2.5,2.5,2.5,5,1.666675,2.916675,3.15105,2.5,2.5,2.5,2.5,2.5,2.5,2.0052,1.953125,2.083325,4.765625,-1.17E-15,3.75,2.604175,4.375,1.927075,-1.01E-15,2.1875,1.822925,2.0052,0.15625,b
5,5,2.628725,4.984075,2.753075,4.90355,2.8689,4.887825,1.8376,4.15065,3.867525,4.51065,3.132075,4.344525,3.1845,4.169375,3.21785,3.990375,3.2326,3.81235,3.23,3.63955,3.2119,3.475575,3.18065,3.32325,3.138825,3.184525,3.0892,3.060675,3.03445,2.95215,2.977075,g
5,5,2.2619,0,0,0,1.22E-15,5,3.29365,4.533725,4.40475,-1.08E-15,0,-1.22E-15,5,3.6841,5,5,5,4.220975,-1.03E-15,0,-1.12E-15,4.573425,3.4127,5,5,5,3.76985,-9.23E-16,1.6865,-1.47E-15,4.320775,b
5,4.841725,2.49525,4.019025,3.5801,4.80785,1.496775,4.828075,2.9207,4.904925,2.726525,4.9919,2.7043,4.78965,2.627425,4.6157,1.8669,4.684475,2.13795,4.621775,3.153325,4.377025,2.408975,4.613675,2.435275,4.682325,2.44245,4.9636,2.734625,4.457925,2.24515,4.646025,2.131875,g
5,5,-1.22E-15,5,5,5,5,5,1.25,5,5,5,5,5,5,2.5,2.5,5,5,5,5,5,-2.45E-15,5,5,5,4.0625,5,0.625,0.625,5,5,5,b
5,5,3.07645,5,0.537275,5,2.239975,5,2.88535,5,3.1955,4.953,2.328475,5,2.66525,4.89505,2.02615,4.5896,2.109175,4.935,2.5932,4.9906,2.73105,5,2.468675,4.90595,2.385075,4.779125,2.597125,5,2.15695,4.913075,2.207075,g
5,3.4219,-8.38E-16,0,-5.65E-16,2.308475,5,5,4.876025,4.364925,1.53225,-3.75E-16,0.517175,2.258075,5,3.7171,3.66255,3.293875,1.813475,2.141425,1.9953,2.2006,2.672375,2.575525,2.665975,2.586075,2.47035,2.489925,2.4582,2.480975,2.5027,2.500375,2.508125,b
5,4.496175,3.456625,4.5201,2.0759,5,2.308675,4.953775,2.31505,4.255425,3.016575,4.993625,2.552625,4.95535,2.562175,5,2.17315,4.891575,2.692925,5,2.504775,4.75765,3.2701,5,2.136475,5,2.49015,4.39095,2.6977,5,2.03125,5,2.3565,g
6.12E-16,2.5,2.5,2.5,2.5,2.5,2.5,2.5,2.5,2.5,2.5,5,5,5,5,5,-1.84E-15,2.5,2.5,5,5,5,-2.45E-15,5,5,5,2.5,5,5,5,6.12E-16,2.5,2.5,b
5,5,1.7893,5,1.86635,4.865575,1.62265,5,1.73585,4.8184,1.273575,4.77045,1.397025,4.393075,1.027525,4.2437,1.049525,3.990575,1.060525,4.211475,0.725625,3.861625,0.316825,3.73035,0.666675,3.3876,0.59865,3.1588,0.544025,2.9151,0.671375,2.84985,0.75,g
5,2.5,2.5,2.5,2.5,2.5,2.5,0.375,-9.18E-17,2.5,2.5,5,6.12E-16,2.5,2.5,0,0,0,1.22E-15,5,-1.22E-15,1,-1.47E-15,5,5,-1.71E-15,2,5,-1.84E-15,2.5,5,2.5,2.5,b
5,5,2.727275,4.886375,2.272725,4.431825,2.5,5,2.5,4.886375,2.5,5,2.613625,4.772725,2.386375,5,2.5,5,2.5,4.6591,2.727275,4.431825,2.727275,4.772725,2.613625,4.788525,2.572425,4.886375,2.727275,4.6591,2.272725,4.6591,2.613625,g
6.12E-16,2.5,2.5,1.22E-15,5,5,5,-1.22E-15,-3.00E-31,2.5,2.5,-6.12E-16,0,-4.21E-16,1.71875,0,-1.22E-15,5,1.22E-15,5,-1.22E-15,2.5,2.5,5,0,0,0,2.5,2.5,5,6.12E-16,2.5,2.5,b
5,4.7794,2.2794,4.926475,2.941175,4.558825,2.7206,4.7794,2.426475,4.926475,2.058825,4.926475,2.86765,4.85295,2.573525,5,2.5,5,2.5,4.411775,2.794125,4.705875,2.573525,4.63235,2.573525,4.816575,2.565,4.85295,2.205875,4.926475,2.64705,4.7794,2.64705,g
5,-2.45E-15,5,7.06E-16,2.8811,3.20885,5,-2.45E-15,5,0,-1.22E-15,5,5,-1.69E-15,1.9131,3.207525,-2.01E-15,5,5,1.71495,-4.20E-16,0,-1.22E-15,5,0,-5.90E-16,2.41055,5,-1.22E-15,-3.00E-31,1.692075,2.873475,5,b
5,3.6842,2.23685,4.594525,2.5439,4.578875,2.565375,4.210525,2.368425,4.210525,2.5,4.4964,2.6257,4.457875,2.6439,4.605275,3.6842,5,2.631575,4.31375,2.690775,4.257525,2.703525,3.552625,3.026325,4.135475,2.7242,3.8158,1.973675,4.00375,2.73835,3.93545,2.742975,g
5,2.483975,1.25,2.5,2.5,2.451925,5,2.5,2.5,2.5,2.5,2.5,2.5,2.5,2.5,2.5,2.5,3.28525,4.823725,1.6186,4.358975,1.634625,0.480775,2.5,2.5,0.96155,1.21795,2.5,2.5,2.5,2.5,2.5,2.5,b
5,5,3.636375,5,3.863625,4.54545,4.0909,5,2.272725,5,2.5,4.54545,1.363625,4.0909,3.181825,5,0.9091,5,1.818175,4.772725,1.363625,5,2.69375,5,2.272725,5,2.721675,5,3.4091,5,4.0909,4.318175,3.181825,g
0,0,0,5,-1.22E-15,-3.00E-31,5,2.5,2.5,5,-2.45E-15,5,6.12E-16,2.5,2.5,2.5,2.5,2.5,2.5,-1.84E-15,5,5,-1.22E-15,-3.00E-31,5,5,5,2.5,2.5,5,3.75,2.5,2.5,b
5,3.636375,2.727275,4.0909,2.727275,3.181825,2.95455,4.0909,2.5,3.4091,2.272725,3.636375,2.272725,3.7153,2.466425,4.0909,2.04545,3.636375,2.5,3.4091,2.272725,3.181825,2.95455,3.4091,2.272725,3.36105,2.4558,3.181825,2.5,3.4091,2.5,3.224625,2.4542,g
5,-1.47E-15,1.008075,2.5,2.5,-6.12E-16,4.1129,0.322575,5,2.5,2.5,2.5,2.5,2.5,2.5,2.5,2.5,2.5,2.5,-6.12E-16,-1.50E-31,2.5,2.5,3.245975,3.084675,5,3.790325,2.5,2.5,2.5,2.5,2.5,2.5,b
5,5,2.85715,5,4.285725,5,4.285725,5,2.14285,4.64285,2.14285,5,2.56335,5,2.5,3.571425,2.14285,5,2.590425,5,1.785725,5,2.5,3.214275,1.785725,5,2.622275,5,2.62955,5,3.928575,5,2.5,g
1.22E-15,5,5,5,-2.45E-15,5,5,5,5,5,5,5,1.22E-15,5,5,5,-2.45E-15,5,1.22E-15,5,5,5,5,5,1.22E-15,5,5,5,5,5,5,5,5,b
5,4.6758,3.6743,3.848625,4.554025,2.7595,4.881875,1.549175,4.6979,0.651525,3.95565,0.197525,2.918275,0.439575,1.87645,1.015425,0.91645,1.8997,0.427975,2.970575,0.532525,3.788925,1.06425,4.23185,1.878925,4.227425,2.7621,3.81995,3.49405,3.14935,3.914325,2.331525,3.9388,g
1.22E-15,5,-1.22E-15,5,5,5,1.22E-15,5,5,5,-2.45E-15,5,1.22E-15,5,-1.22E-15,5,5,5,5,5,5,5,-2.45E-15,5,5,5,5,5,5,5,5,5,-1.22E-15,b
5,4.816425,2.60435,4.73165,2.89415,4.65245,2.994775,4.591875,3.41315,4.515475,3.50495,4.405525,3.5138,4.16465,3.709,4.002525,3.7938,3.8348,3.8045,3.710875,3.8553,3.56365,3.8921,3.3335,3.88185,3.17445,3.85535,3.057675,3.8362,2.8578,3.7281,2.789325,3.664275,g
1.22E-15,5,5,5,-2.45E-15,5,1.22E-15,5,5,2.5,2.5,5,6.12E-16,2.5,2.5,2.5,2.5,2.5,2.5,-1.84E-15,5,5,5,2.5,2.5,5,5,2.5,2.5,-6.12E-16,6.12E-16,2.5,2.5,b
5,4.838425,2.841125,4.8429,3.133975,4.642625,3.469475,4.475975,3.678175,4.3088,3.99855,4.1315,4.375,3.77075,4.33965,3.540725,4.56855,3.138475,4.6488,2.8428,4.640375,2.51235,4.721725,2.315975,4.4945,1.975125,4.4501,1.670775,4.28635,1.5367,4.109075,1.314525,3.895875,g
1.22E-15,5,-1.22E-15,1.22E-15,5,-1.22E-15,5,5,5,5,5,-1.22E-15,0,0,0,5,5,5,0,0,0,0,-1.22E-15,5,2.5,5,-1.22E-15,5,-1.22E-15,-3.00E-31,5,-2.45E-15,5,b
5,4.515675,2.826725,4.326525,3.108075,4.115375,2.97595,3.423075,3.639425,3.619825,3.660975,3.125,3.9327,3.1298,3.427875,2.880375,3.796925,2.2548,3.9375,2.41345,3.572125,2.2786,3.6106,2.126425,3.50015,2.0015,3.3744,1.9042,3.238525,1.83415,3.0974,1.90385,3.27885,g
1.22E-15,5,-1.22E-15,5,5,5,1.22E-15,5,5,5,-2.45E-15,5,5,5,-1.22E-15,5,-2.45E-15,5,5,5,5,5,-2.45E-15,5,1.22E-15,5,-1.22E-15,5,5,5,1.22E-15,5,5,b
5,4.936675,2.82705,4.853,3.0009,4.719575,3.3062,4.725225,3.317775,4.63875,3.630425,4.30745,3.8071,4.24865,3.9705,3.9637,4.172325,3.721725,4.25995,3.606125,4.203975,3.382225,4.39055,3.1708,4.40525,2.920325,4.463525,2.687425,4.510975,2.42595,4.44255,2.242775,4.35605,g
6.12E-16,2.5,2.5,5,5,2.5,2.5,5,5,2.5,2.5,5,6.12E-16,2.5,2.5,2.5,2.5,2.5,2.5,2.5,2.5,2.5,2.5,2.5,2.5,5,-1.22E-15,2.5,2.5,-6.12E-16,5,2.5,2.5,b
5,4.8077,2.886275,4.659975,3.243925,4.31455,3.41975,4.2647,3.92075,3.936225,4.067975,3.58175,4.3669,3.292625,4.192425,2.9782,4.42045,2.61715,4.404275,2.1984,4.424225,2.038025,4.283175,1.767725,4.1427,1.53005,3.963825,1.330025,3.753275,1.17135,3.5183,1.094225,3.377375,g
6.12E-16,2.5,2.5,5,5,5,5,2.5,2.5,2.5,2.5,-6.12E-16,6.12E-16,2.5,2.5,0,-6.12E-16,2.5,2.5,2.5,2.5,5,5,2.5,2.5,5,5,2.5,2.5,-6.12E-16,5,2.5,2.5,b
5,4.7201,3.45345,4.14815,4.235775,3.2287,4.6973,2.33185,4.753375,1.510075,4.511025,0.88565,3.91255,0.426,3.17265,0.5265,2.294875,0.9305,1.72645,1.334075,1.109875,2.088775,0.89155,2.73905,0.973625,3.26015,1.2902,3.580675,1.75405,3.675725,2.263475,3.5538,2.8139,g
1.22E-15,5,-1.22E-15,5,5,5,5,5,5,5,5,5,1.22E-15,5,5,5,5,5,1.22E-15,5,-1.22E-15,5,-2.45E-15,5,1.22E-15,5,5,5,-2.45E-15,5,5,5,5,b
5,4.338075,1.542675,4.503775,2.75695,4.47065,2.88165,3.8895,2.6313,5,3.030625,4.298675,3.22385,4.21995,3.323125,3.7418,2.932175,4.108325,2.428875,3.934975,3.5632,3.828,3.6218,4.86325,3.938725,3.60435,3.705,2.811825,5,3.37675,3.743025,3.2647,3.745775,g
6.12E-16,2.5,2.5,2.5,2.5,2.5,2.5,2.5,2.5,2.5,2.5,2.5,2.5,2.5,2.5,2.5,2.5,2.5,2.5,2.5,2.5,2.5,2.5,2.5,2.5,5,5,2.5,2.5,2.5,2.5,2.5,2.5,b
5,4.866225,2.5223,4.932175,2.4935,4.97305,2.5093,4.895025,2.53995,4.85135,2.58825,4.930325,2.617975,4.965625,2.54645,4.856925,2.678375,4.963775,2.48235,4.94425,2.6245,4.90895,2.67745,4.83185,2.702525,4.881075,2.6089,4.936825,2.52045,4.946125,2.676525,5,2.4935,g
1.22E-15,5,5,0,0,0,6.12E-16,2.5,2.5,2.5,2.5,-6.12E-16,6.12E-16,2.5,2.5,2.5,2.5,2.5,2.5,-1.84E-15,5,5,5,2.5,2.5,5,-1.22E-15,2.5,2.5,-6.12E-16,0,0,0,b
5,3.76165,2.0775,4.28605,2.537825,4.276575,2.55645,4.201625,2.53205,3.365375,2.63985,4.22625,2.609825,4.202525,2.62645,4.175575,2.6423,4.085075,2.38345,4.112575,2.6714,4.076925,2.684525,4.600825,2.951625,3.998375,2.7076,3.4557,2.669,3.91165,2.72615,3.8658,2.73365,g
5,4.218225,5,4.799325,0.597825,4.544325,2.6087,4.402175,2.76755,4.669725,4.34365,4.251675,2.955675,4.398,2.8428,4.83695,1.8729,4.2684,2.968225,4.122075,3.11455,4.005025,4.435625,5,1.15385,4.73155,3.0554,4.27675,3.84615,5,2.33695,3.91305,3.097825,b
5,4.4074,2.30555,5,1.75925,5,0.356475,4.5,2.652775,3.6389,1.43055,5,2.185475,5,0.412025,3.731475,2.5463,4.55555,2.35185,4.955375,2.00155,5,3.050925,4.24075,1.837975,4.8037,1.886275,4.472225,2.550925,4.6873,1.822375,5,1.074075,g
5,3.463025,2.8891,3.531125,2.684825,3.161475,3.103125,3.08365,2.83075,2.986375,3.1323,3.11285,3.424125,2.723725,3.073925,2.402725,3.424125,2.62645,3.122575,3.122575,2.7432,2.69455,3.249025,2.43765,3.21205,2.3494,3.1564,2.13035,2.86965,2.266525,3.2782,2.02335,3.21985,b
5,3.9385,2.420625,4.37995,2.366075,4.0377,2.47025,3.8492,2.584325,4.04265,2.748025,3.978175,2.440475,4.06745,2.52975,4.270825,2.564475,4.007925,2.539675,3.695425,2.43055,3.978175,2.59425,3.75,2.5992,4.032275,2.469075,4.04265,2.1627,4.221225,2.465275,4.0625,2.420625,g
5,2.6601,2.118225,2.389175,2.647775,2.70935,2.438425,2.46305,2.967975,2.6601,2.5,2.807875,2.2537,2.647775,2.5,2.54925,2.4261,2.1798,1.98275,2.672425,2.53695,2.672425,2.5739,2.69705,2.9064,3.201975,2.37685,2.352225,2.266,2.610825,2.635475,2.684725,2.229075,b
5,4.046425,2.77125,4.26735,2.326625,4.25895,2.54195,4.356825,2.5056,4.275725,2.8943,4.2897,2.4944,4.49385,2.665,4.591725,2.086125,4.217,2.2735,4.0632,2.46645,4.02405,2.793625,4.281325,2.2623,4.246125,2.458175,4.082775,2.62025,4.471475,2.371375,4.130325,2.38255,g
5,3.1329,3.398725,2.5,2.5,1.7595,6.12E-16,2.5,2.5,2.689875,2.31645,2.5,2.5,2.5,2.5,2.5,2.5,2.5,2.5,2.518975,4.202525,2,3.341775,2.2405,3.3924,2.63925,-6.46E-16,2.5,2.5,2.658225,6.12E-16,2.5,2.5,b
5,4.702575,2.478575,4.74545,2.438375,4.852625,2.45445,4.729375,2.181125,4.5552,2.2267,4.721325,2.529475,4.76955,2.157025,4.67845,2.347275,4.76955,2.44105,4.6999,2.135575,4.571275,2.189175,4.753475,2.012325,4.706125,2.127425,4.6088,2.17845,4.7106,2.03645,4.793675,2.079325,g
5,3.5677,1.25,2.5,2.5,2.5,2.5,3.66145,3.77605,3.97395,2.552075,2.5,2.5,2.5,2.5,2.91145,1.364575,3.979175,2.041675,2.5,2.5,2.5,2.5,4.96875,1.479175,-3.62E-16,-8.87E-32,1.802075,0.609375,2.5,2.5,2.5,2.5,b
5,4.721325,2.540775,4.800175,2.532625,4.81105,2.533975,4.729475,2.244425,4.752575,2.2893,4.826,2.474175,4.82735,2.27705,4.650625,2.373575,4.736275,2.3994,4.71045,2.19685,4.722675,2.202275,4.5745,2.14655,4.661325,2.2048,4.6384,2.173725,4.5881,2.1887,4.66965,2.194125,g
5,2.5,2.5,5,2.822225,4.7111,2.45,2.5,2.5,5,1.4389,5,2.9889,5,2.366675,5,0.4611,2.5,2.5,5,2.4,5,2.033325,2.5,2.5,5,-1.22E-15,2.5,2.5,5,2.79445,4.766675,2.2611,b
5,4.528575,2.59285,4.628575,2.496425,4.475,2.51785,4.489275,2.39285,4.689275,2.5,4.639275,2.33215,4.660725,2.50715,4.571425,2.364275,4.525,2.203575,4.421425,2.289275,4.60715,2.375,4.425,2.328575,4.53995,2.283275,4.564275,2.239275,4.535725,2.375,4.553575,2.121425,g
5,2.5,2.5,2.5,2.5,2.5,2.5,2.5,2.5,2.5,2.5,-6.12E-16,5,5,3.8793,2.5,2.5,2.5,2.5,2.5,2.5,2.5,2.5,2.5,2.5,5,5,2.5,2.5,2.5,2.5,2.5,2.5,b
5,3.74675,2.54545,3.577925,2.25975,3.766225,2.3961,3.75325,2.74025,3.616875,2.64935,3.8961,2.2013,3.7922,2.4091,3.818175,2.35065,3.883125,2.474025,3.714275,2.415575,3.727275,2.474025,3.980525,2.5,3.830375,2.418,3.577925,2.584425,3.863625,2.363625,3.974025,2.285725,g
6.12E-16,2.5,2.5,2.5,2.5,2.5,2.5,2.5,2.5,2.5,2.5,2.5,2.5,2.5,2.5,2.5,2.5,2.5,2.5,2.5,2.5,2.5,2.5,2.5,2.5,5,-1.22E-15,2.5,2.5,2.5,2.5,2.5,2.5,b
5,5,3.75,5,3.125,3.125,5,2.921275,4.7795,2.1666,4.51135,1.647325,4.019825,1.4045,3.4464,1.408425,2.917725,1.5831,2.51695,1.838075,2.274375,2.09555,2.1759,2.30545,2.1814,2.447775,2.24395,2.525825,2.3241,2.5556,2.39645,2.556225,2.449575,g
5,2.5,2.5,2.5,2.5,5,5,-1.22E-15,-3.00E-31,2.5,2.5,5,2.222225,2.5,2.5,2.5,2.5,-6.12E-16,5,5,5,5,-1.84E-15,2.5,2.5,5,-1.22E-15,2.5,2.5,2.5,2.5,5,5,b
5,4.6762,3.450675,4.102475,4.2303,3.283675,4.665625,2.401675,4.7685,1.445675,4.48365,0.735975,3.789,0.473775,3.068375,0.4716,2.186525,0.81315,1.54745,1.54165,0.928475,2.174675,0.73095,2.8888,0.839475,3.4636,1.2108,3.814325,1.752575,3.905975,2.35155,3.7865,2.916125,g
5,2.5,2.5,2.5,2.5,2.5,2.5,-1.84E-15,5,2.5,2.5,5,3.433325,2.2,2.2,2.5,2.5,-6.12E-16,6.12E-16,2.5,2.5,5,-1.84E-15,2.5,2.5,5,3.066675,2.5,2.5,2.5,2.5,2.5,2.5,b
5,4.704475,3.587275,3.989325,4.441375,2.9918,4.863425,1.897425,4.8136,0.93685,4.281425,0.338925,3.3413,0.1904,2.36655,0.5661,1.382325,1.32625,0.667875,2.244075,0.444575,3.1596,0.56075,3.8996,1.10225,4.303675,1.889175,4.31195,2.739975,3.953425,3.472875,3.368725,3.9414,g
5,3.32085,2.563,2.8809,3.03195,2.872975,4.350075,1.85735,4.8081,2.2422,2.9845,0.9662,3.14465,0.148675,2.364775,2.172075,2.141775,1.742125,1.384625,2.214775,0.360075,2.5667,1.93035,3.19855,2.342625,3.343425,2.2031,3.191425,2.214775,2.87695,2.8324,2.804925,3.0117,g
5,4.585675,3.478025,3.851,4.464475,2.80815,4.73505,1.669475,4.58945,0.74785,3.9891,0.33445,3.047725,0.38895,1.8959,1.00715,0.95265,2.01615,0.305325,2.810975,0.2734,3.777725,0.68865,4.478575,1.80665,4.5752,2.71795,4.1648,3.726975,3.43855,4.250275,2.400425,4.4861,g
5,4.058375,2.41275,3.977125,2.512025,4.010225,2.313475,4.079425,2.524075,4.061375,2.313475,4.1757,2.6805,4.0734,2.2894,4.187725,2.72865,4.1787,2.5,3.974125,2.7527,3.7515,2.578225,4.148625,2.851975,4.011575,2.550475,3.7846,2.6113,4.043325,2.475925,4.0343,2.27135,g
5,4.361225,2.44025,4.2693,2.582725,4.306075,2.9228,4.4807,2.693025,4.53585,3.59835,4.094675,2.513775,4.2693,3.042275,5,2.65165,4.025725,2.628675,4.186575,2.6057,3.80055,1.875,4.32445,2.104775,4.043175,2.6781,3.27205,2.716,3.8979,2.68645,4.00735,3.042275,g
5,4.03845,2.973075,4.453925,2.5445,4.43715,2.566175,4.126925,2.2423,4.43845,2.7,4.349025,2.6265,4.30805,2.6444,4.215375,2.276925,4.0423,2.9077,4.155825,2.689325,4.09695,2.701025,4.00385,2.319225,3.970075,2.719175,3.876925,3.1423,3.834725,2.730175,3.765225,2.73305,g
5,4.207925,2.634375,4.620075,2.50505,4.608525,2.507525,4.6075,2.747525,4.395325,2.60255,4.5473,2.514625,4.51845,2.516825,4.51555,2.188825,4.448375,2.4116,4.409125,2.522725,4.365875,2.52445,4.4908,2.393925,4.2706,2.5274,4.055875,2.78995,4.1656,2.52975,4.110175,2.530675,g
5,3.75,2.5,3.4674,2.760875,3.72825,2.66305,3.673925,2.402175,3.3913,2.184775,3.6413,2.619575,3.760875,2.565225,3.3913,2.989125,3.55435,2.869575,3.55435,2.434775,3.30435,2.2174,3.684775,2.47825,3.544725,2.6727,3.4674,2.597825,3.380425,2.869575,3.619575,2.934775,g
5,4.49575,2.735425,4.453225,3.0164,4.2907,3.2017,4.233,3.5313,4.147925,3.75305,3.94745,4.02035,3.73025,3.961125,3.33385,4.196525,3.239675,4.0887,2.739975,4.2026,2.55165,4.3059,2.2813,4.079575,2.201875,4.0174,2.04435,3.900375,1.8621,3.792525,1.816525,3.561675,g
5,5,2.74505,5,3.127525,4.95975,3.3261,4.509125,3.8255,4.374425,4.007425,3.923425,4.29855,3.882775,4.351975,3.2363,4.554825,3.028425,4.494425,2.742725,4.55405,2.45665,4.49675,2.1214,4.3899,1.929025,4.229675,1.707175,4.0237,1.492725,3.86305,1.429625,3.61335,g
5,4.73525,2.835625,4.675025,3.288575,4.4724,3.5847,4.0847,3.999375,3.850075,4.2754,3.492475,4.404025,3.10665,4.488075,2.72835,4.48995,2.271025,4.406525,1.994975,4.17315,1.743425,4.06525,1.4862,3.762225,1.344625,3.518825,1.24215,3.1813,1.179425,2.9793,1.2798,2.6493,g
5,4.865775,2.93745,4.77365,3.328575,4.6274,3.749,4.34195,4.09605,3.980375,4.34595,3.71745,4.59035,3.261475,4.766625,2.948975,4.835725,2.482475,4.827725,2.028,4.734575,1.674425,4.5623,1.33665,4.41205,1.035925,4.158375,0.801775,3.8141,0.616975,3.5622,0.46975,3.1523,g
5,4.794175,2.95495,4.65225,3.388575,4.321825,3.643675,4.010625,4.246625,3.7594,4.37305,3.4025,4.544875,2.8916,4.58895,2.5099,4.63025,2.09025,4.446325,1.6001,4.404825,1.422825,4.134625,1.1715,3.84715,0.9918,3.5243,0.887225,3.18345,0.85725,2.841675,0.8986,2.63485,g
5,4.415675,3.02765,4.098375,3.4528,3.710225,3.8125,2.875,3.056825,2.843825,3.989125,2.306825,3.613625,2.5,3.7159,1.812725,3.55035,1.0966,3.42045,1.585225,2.9716,1.486675,2.6897,1.537925,2.419275,1.65145,2.18785,1.8115,2.00715,2.00095,1.8838,2.20265,1.81955,g
5,3.9735,0.976825,4.63575,3.88245,4.52815,2.682125,3.915575,2.905625,3.319525,3.1043,3.758275,2.8063,4.097675,2.9967,4.29635,3.567875,3.857625,2.847675,4.1308,3.195375,4.22185,2.682125,3.7968,3.166325,3.725325,3.192175,3.6554,3.21435,3.5871,3.2331,3.520525,3.24855,g
5,5,2.784625,4.250475,2.1964,4.53985,2.741925,4.278925,2.528475,3.904175,2.3055,4.22675,2.8131,3.96585,2.599625,3.828275,2.4146,4.23625,2.9222,4.3169,2.680275,3.3017,2.64705,3.833025,3.434525,3.72725,2.948775,2.8795,3.3112,3.603525,2.972425,3.904175,2.8795,g
5,4.621075,2.66985,4.51405,2.442525,4.425775,2.417525,4.168125,2.3345,3.98955,2.30835,4.1815,2.355725,4.1065,2.33905,3.479975,2.61325,4.28135,2.53485,3.89925,2.299025,3.83575,2.288675,3.67595,1.92945,3.716475,2.2718,3.815325,2.286575,3.606925,2.259475,3.555575,2.2548,g
5,5,2.700325,4.919375,2.48795,4.917075,2.48195,4.6995,2.401925,5,2.535475,4.90465,2.4641,4.898675,2.458225,4.962425,2.52505,4.7788,2.2788,4.8754,2.4409,4.8659,2.435225,4.9541,2.550075,4.8443,2.42415,5,2.353925,4.81935,2.4134,4.80565,2.408175,g
5,3.69845,2.190725,3.5696,2.190725,4.252575,1.520625,4.3299,2.6804,3.157225,1.958775,3.737125,2.899475,3.634025,2.2036,3.5567,2.65465,3.75,1.817,3.865975,2.963925,3.5567,2.706175,4.265475,2.9897,3.8349,2.188825,2.8866,1.842775,3.685575,2.6031,3.634025,1.21135,g
5,4.08775,2.3903,4.41325,2.5742,4.0358,3.4007,4.13395,2.48845,4.105075,2.70785,4.48615,1.41455,4.312925,3.874125,3.9896,2.846425,4.08775,3.0485,4.081975,1.8649,4.273775,2.883975,4.116625,3.077375,4.219375,2.9426,4.041575,2.690525,4.1579,2.996025,4.226325,3.418025,g
5,3.7528,2.4101,4.0281,2.5337,3.9719,2.539325,3.9719,2.5618,4.16855,2.488775,4.292125,2.382025,4.162925,2.522475,3.932575,2.5618,4.117975,2.3146,3.92135,2.853925,3.9382,2.4101,3.662925,2.6236,3.9147,2.5206,3.691,2.4101,3.865175,2.76405,4.01685,2.29775,g
5,4.288025,2.483825,4.166675,2.394825,4.077675,2.37055,4.44985,2.702275,4.18285,2.742725,4.118125,2.89645,4.00485,2.45145,3.859225,2.386725,3.67315,2.2492,4.118125,2.872175,3.478975,3.042075,3.810675,2.36245,3.627625,2.501,3.2848,2.3301,3.729775,2.233,3.260525,2.37055,g
5,4.2037,2.75925,4.425925,2.586425,4.129625,2.7037,4.0247,2.48765,4.4753,2.7963,3.993825,2.62345,4.061725,2.74075,4.4568,2.061725,4.345675,2.2284,3.71605,2.5247,4.0247,2.7037,4.166675,2.179,4.094325,2.438725,4.413575,2.55555,4.030875,2.321,3.78395,2.382725,g
5,4.01695,2.4322,4.177975,2.6017,3.822025,2.389825,3.7627,2.593225,4.2627,2.305075,3.94915,2.44915,3.8305,2.694925,4.1017,2.7966,3.923725,2.440675,3.8305,2.51695,4.288125,2.41525,3.822025,2.41525,3.93155,2.51875,3.9661,2.491525,3.974575,2.4322,3.754225,2.6695,g
5,3.737875,2.742725,3.2403,2.645625,3.373775,2.5,3.93205,2.439325,3.9563,2.560675,3.337375,2.62135,3.810675,2.512125,3.677175,2.233,3.5801,2.512125,3.373775,2.645625,2.9733,3.1432,3.2767,2.123775,3.413675,2.595375,3.483,2.9369,3.15535,2.5,3.434475,2.45145,g
5,4.97055,2.554675,4.82755,3.3525,4.5976,3.38055,4.36765,3.72265,4.3396,3.796975,3.8769,4.004475,3.57825,4.155925,3.295,4.261075,3.209475,4.221825,2.687875,4.3424,2.65845,4.2821,2.087775,4.24285,2.0861,4.01275,2.094775,3.895125,1.632075,3.604875,1.662925,3.436625,g
5,4.947625,2.89525,4.7528,3.380925,4.550975,3.714025,4.294,4.1222,3.970675,4.343575,3.508725,4.5789,3.1285,4.6201,2.6175,4.636875,2.195175,4.493725,1.8455,4.51885,1.554125,4.2919,1.22415,3.9581,1.060325,3.651,0.952525,3.2699,0.85615,2.958625,0.89665,2.5742,g
5,4.992525,3.041925,4.79915,3.67575,4.42255,4.060375,3.8328,4.453,3.41935,4.707275,2.752675,4.5828,2.329325,4.73185,1.793275,4.301825,1.407325,4.0422,1.105775,3.703,0.875,3.38835,0.88355,2.8977,0.833725,2.556925,0.8782,2.16345,1.134625,1.926275,1.319975,1.6242,g
5,4.858275,2.998975,4.9033,3.520075,4.51285,3.914225,3.917175,4.27075,3.5459,4.58075,2.873475,4.737225,2.629175,4.84205,1.88145,4.598475,1.429725,4.38885,1.243725,4.064075,0.862125,3.7607,0.778725,3.2728,0.572575,2.890475,0.61485,2.390025,0.620025,2.051975,0.8267,1.640825,g
5,4.8493,3.20205,4.51215,3.820525,3.954175,4.328775,3.374025,4.512775,2.769925,4.760075,1.999625,4.733375,1.50675,4.554075,1.029125,4.071675,0.592375,3.5092,0.46845,2.9722,0.467075,2.3929,0.618175,1.827925,0.919075,1.33905,1.33945,0.96385,1.840275,0.729125,2.276575,0.718175,g
5,4.745875,3.378925,4.183325,4.055825,3.59745,4.858825,2.408925,4.51275,1.92905,4.38335,1.871575,3.7204,1.065575,3.210375,0.83125,2.764775,1.316025,2.345175,0.4736,2.349725,1.670075,1.3102,2.177575,1.1595,2.67895,1.201875,3.108025,1.41305,3.41465,1.748575,3.570125,2.832425,g
5,3.226825,2.750625,3.0827,2.932325,2.593975,3.3584,2.80075,3.1579,2.65665,3.032575,2.381875,2.819175,2.341675,2.697675,2.3418,2.602425,2.364225,2.5352,2.39585,2.493,2.4281,2.4706,2.456125,2.462375,2.47785,2.463125,2.493,2.46875,2.5024,2.4763,2.50725,2.483825,g
5,3.961475,1.61185,5,3.38345,4.3844,2.4859,4.562975,2.984025,3.7547,1.8092,4.149425,2.659775,4.243425,2.86655,4.3092,1.433275,4.4032,2.612775,4.172925,3.012225,4.61935,1.475575,4.12125,2.382525,3.9209,2.235725,3.8205,2.16635,2.89005,2.19455,3.619175,2.242275,g
5,4.590225,2.830375,4.304275,2.651475,4.145725,2.707875,3.0972,2.824025,3.595925,3.00825,3.73545,2.81715,3.618675,2.837675,3.2338,2.57305,3.70395,2.8939,3.320875,2.8654,3.237375,2.86595,3.1609,2.86325,3.091025,2.85785,3.160725,2.903425,2.969175,2.8408,2.916375,2.82995,g
5,4.852,2.798325,4.64345,2.52595,4.6281,2.53865,4.42415,2.49305,4.611475,2.7729,4.582225,2.575675,4.567,2.58765,4.37095,2.548575,4.500475,2.560125,4.52155,2.622525,4.506475,2.6338,4.4334,2.5555,4.47645,2.655875,4.648475,2.731275,4.446575,2.67725,4.431725,2.6877,g
5,4.677775,2.60815,4.49865,2.957425,4.975225,3.2323,4.736375,2.291575,4.71495,2.4493,4.76115,1.8319,4.73525,2.9991,4.7161,2.38395,4.6113,2.475225,4.94705,1.6494,4.47385,1.872475,4.666525,2.270175,4.649175,2.4273,4.46935,2.397475,4.398375,3.0453,4.70595,2.729825,g
5,4.3729,2.563725,4.97485,2.7448,4.396375,2.821925,4.357825,2.2703,4.89605,2.56205,4.948025,2.488275,4.90275,2.754875,4.78705,2.5939,4.27565,2.567075,4.530525,2.2988,5,2.5,4.2941,2.469825,4.556775,2.5638,4.310875,2.473175,4.760225,2.77665,4.320925,2.56875,g
5,3.683425,2.988175,2.655325,2.041425,4.0579,2.52515,3.63905,2.38905,3.912725,2.544375,3.616875,3.187875,4.28995,2.40385,3.890525,2.81065,3.5355,2.78845,3.819175,2.57105,3.779575,2.233725,3.698225,2.440825,3.66285,2.581475,3.83875,3.1287,3.298825,2.137575,3.365375,2.4926,g
5,3.997175,2.867225,4.2467,2.1516,4.62805,2.1516,4.524475,2.5612,3.761775,2.570625,4.1855,2.387,4.519775,2.1563,3.7853,1.88795,4.5386,2.142175,4.256125,2.490575,3.333325,2.655375,3.903025,1.671375,4.0361,2.079075,3.818275,2.4482,3.846525,1.71845,4.1855,1.94915,g
5,4.617825,2.415075,4.6603,2.287675,4.548825,2.5,4.341825,2.308925,4.299375,2.1603,4.373675,2.208075,4.437375,2.0329,4.4533,1.969225,4.0499,2.245225,4.479825,2.107225,4.7346,2.415075,4.62315,1.847125,4.352875,1.9172,4.15605,1.942675,4.315275,1.5552,4.145425,1.878975,g
5,4.6943,2.2962,4.5856,2.683425,4.619575,2.6019,4.42935,2.44565,4.42935,2.357325,4.558425,2.23505,4.198375,2.486425,4.701075,1.9769,4.5856,2.581525,4.660325,2.35055,4.932075,1.800275,4.62635,2.03125,4.592625,2.244725,4.64675,2.418475,4.463325,2.22825,4.4769,2.486425,g
5,4.3676,2.168975,3.843875,2.9249,4.318175,2.73715,4.239125,2.223325,4.16995,1.91205,4.698625,2.02075,4.342875,2.60375,4.076075,2.490125,4.0909,2.20355,4.481225,1.8676,4.160075,1.7836,4.17985,2.23815,4.046175,2.198975,4.001975,1.976275,3.438725,2.672925,4.026675,2.465425,g
5,3.669625,2.7827,3.9745,2.516625,3.8858,2.67185,3.69735,2.150775,3.824825,2.53325,4.09645,2.09535,4.196225,2.41685,3.863625,2.161875,3.824825,2.3836,3.69735,2.0122,3.7694,2.161875,3.536575,1.995575,3.84825,2.213625,3.996675,2.42795,3.841475,2.2062,3.907975,2.389125,g
5,4.7029,3.186875,4.303125,3.572025,4.038975,4.09155,3.470625,4.76255,2.745775,4.9032,1.997575,4.73,1.606575,4.4375,0.87215,4.05525,0.5308,3.638375,0.4536,2.977375,0.401425,2.298025,0.54165,1.8411,0.811075,1.362225,1.1317,0.97855,1.7372,0.8325,2.0172,0.610075,g
5,4.828675,3.23205,4.497925,3.8939,3.9988,4.2899,3.155075,4.816275,2.6159,4.9187,1.919075,4.87825,1.10185,4.52545,0.666775,4.059625,0.225125,3.405,0.19365,2.651,0.15955,2.00405,0.4202,1.32735,0.870875,0.7611,1.469425,0.356875,2.16025,0.151175,2.750175,0.129425,g
5,4.706025,3.26585,4.3308,3.9454,3.352725,3.963175,2.642925,5,2.26905,4.80295,0.939925,4.2999,0.755825,3.31395,0.46445,3.529875,-8.65E-16,2.480625,0.525675,1.472875,0.577475,1.36305,1.06895,0.809875,1.70975,0.4531,2.425525,0.328975,3.1348,0.446825,2.50485,0.45785,g
5,4.586975,3.224825,4.2314,3.69255,3.73085,4.209525,3.049775,4.669025,2.2976,4.625275,1.61105,4.442025,1.181625,3.960625,0.74125,3.282275,0.604475,2.598475,0.719375,2.117075,1.042125,1.5208,1.570025,1.17615,2.07625,0.978425,2.710625,0.9628,3.1291,1.2883,3.514775,1.616525,g
5,4.82175,3.3291,4.4042,4.058725,3.732625,4.60665,3.0398,4.879825,2.1511,4.904175,1.31995,4.58975,0.731325,4.13725,0.31315,3.41875,0.20465,2.639875,0.2544,1.845675,0.650775,1.148275,1.231075,0.631625,1.941925,0.34695,2.69525,0.321025,3.400525,0.548575,3.985175,0.99325,g
5,4.584175,3.2864,4.138525,3.941775,3.37405,4.266925,2.932325,4.473675,2.0256,4.49715,1.456775,4.163525,0.789475,3.6936,0.631875,2.9873,0.6955,2.377825,0.94925,1.795125,1.270875,1.163425,1.835575,0.84965,2.46175,0.75735,3.0677,0.8893,3.5775,1.21985,4.11655,1.748125,g
5,4.961375,2.4316,4.95145,2.3974,5,2.309125,4.968,2.5364,4.88195,2.4349,4.9625,2.31355,4.98455,2.321275,4.9349,2.2617,4.9316,2.1944,4.98235,2.3687,4.88195,2.27715,4.9338,2.291475,4.916325,2.1772,4.836725,2.1271,4.9283,2.106125,4.91945,2.03,g
5,4.8513,2.461725,4.85425,2.525025,4.87485,2.4632,4.89695,2.4735,4.866025,2.40725,4.929325,2.455825,4.926375,2.402825,4.886625,2.3984,4.88075,2.382225,4.855725,2.445525,4.820375,2.389575,4.801225,2.3881,4.817375,2.354325,4.75855,2.313025,4.799775,2.3189,4.801225,2.3145,g
5,4.9258,2.1404,4.7831,2.4943,4.914375,2.071925,4.96575,2.956625,4.794525,2.5057,4.840175,2.288825,4.7831,2.4943,4.66895,2.2831,4.9258,1.969175,5,2.75685,4.800225,2.368725,4.81165,2.671225,4.851075,2.2687,4.9258,1.997725,4.6347,2.2831,4.914375,1.95205,g
5,3.81355,2.41525,4.872875,2.711875,3.81355,2.076275,3.2627,2.457625,3.771175,2.161025,4.110175,3.22035,4.576275,1.610175,3.855925,2.542375,3.8983,2.58475,3.98305,3.2627,4.661025,2.627125,3.51695,2.88135,4.182175,2.49335,4.15255,2.41525,4.576275,2.11865,4.406775,2.245775,g
5,3.333325,1.875,3.6111,3.05555,3.472225,2.916675,3.541675,2.847225,3.75,2.222225,3.872775,2.288925,3.958325,3.333325,3.8889,2.56945,3.125,2.0139,3.68055,2.3611,3.81945,2.43055,3.472225,2.708325,3.538575,2.1436,2.9861,2.152775,3.4231,2.129775,2.708325,1.25,g
5,3.780175,5,5,3.84525,4.27945,4.520825,3.64055,3.660675,3.327025,5,3.031225,5,2.0646,5,1.672975,4.96805,0.96545,5,1.18315,4.292475,0.2875,3.69735,-9.06E-16,3.379375,-1.50E-15,2.739225,5.10E-16,2.082175,-5.10E-16,1.44435,0.202425,0.861075,g
5,4.3891,3.74095,4.58875,3.857525,3.8729,4.301575,3.380625,4.2698,2.836725,4.868725,2.25455,4.84445,1.5599,4.555575,1.18145,4.279025,0.79105,4.199725,0.745925,3.1239,0.521325,2.574875,0.0253,1.772525,0.7412,1.6802,0.9172,2.020375,1.646725,0.98865,2.009775,0.9261,g
5,4.594725,3.5726,4.302825,3.959625,3.640625,4.452875,2.91175,4.5683,2.1747,4.673675,1.345575,4.462425,1.014125,3.80175,0.53825,3.163225,0.39965,2.5982,0.948975,1.716225,1.3147,1.277375,1.56755,0.8051,2.37365,0.932725,2.86725,1.352225,3.427325,1.520825,3.707975,1.892175,g
5,4.84145,3.377675,4.38135,4.141,3.639275,4.7144,2.883075,4.8944,1.955625,4.907525,1.086625,4.584925,0.531225,3.951125,0.1724,3.1505,0.158975,2.33955,0.3243,1.476275,0.873025,0.8134,1.580025,0.376225,2.38555,0.219475,3.18325,0.35595,3.870675,0.759675,4.3707,1.395675,g
5,4.8109,3.4231,4.2994,4.2105,3.232575,4.85195,2.2223,4.413175,1.709875,4.811325,0.8346,4.46915,0.196375,3.55785,0.142125,2.739625,-6.71E-16,2.579775,0.839225,0.84305,1.34975,0.54565,2.16285,0.29795,2.994125,0.371575,3.7226,0.743825,4.24715,1.3488,4.40165,2.17015,g
5,5,2.904875,5,2.36105,5,2.534325,5,2.1912,5,2.462225,5,2.456725,5,2.34065,5,2.321075,5,2.6475,5,2.2473,5,2.432875,5,1.92555,5,2.329425,5,2.707475,5,2.14515,5,2.314025,g
5,4.888975,2.496125,4.660525,2.1689,4.87455,2.488475,4.570225,1.220725,4.811025,2.7592,5,2.143825,4.9816,2.43645,4.896325,2.11205,4.600325,4.043475,5,2.091975,4.6873,2.287625,4.643525,2.4584,4.6033,2.455775,4.560675,2.453325,4.51585,2.451075,4.469025,2.449025,g
5,4.48445,3.2373,4.1016,3.8078,3.532975,4.20395,2.854425,4.5887,2.079225,4.4693,1.427225,4.3082,1.070875,3.536775,0.6141,2.918875,0.750575,2.2536,1.057625,1.912425,1.484075,1.542825,2.064075,1.1865,2.538075,1.282325,2.97575,1.548525,3.2752,1.920025,3.3643,2.2991,g
5,4.702125,3.3808,4.209725,4.1282,3.3704,4.4946,2.6458,4.77105,1.7554,4.66225,0.934125,4.23975,0.57235,3.482725,0.354925,2.7102,0.458975,1.899575,0.885525,1.24945,1.50585,0.791575,2.221325,0.611675,2.926025,0.7124,3.516875,1.058775,3.91565,1.580875,4.069125,2.167375,g
5,4.739725,3.48215,4.153225,4.2951,3.238025,4.7706,2.380325,4.860375,1.356875,4.615125,0.5585,3.962775,0.179525,3.128325,0.19295,2.117125,0.5984,1.2899,1.226725,0.595075,2.127625,0.285225,3.039525,0.357425,3.830725,0.785175,4.37115,1.4836,4.57855,2.324275,4.42155,3.19815,g
5,5,1.898725,5,1.993675,4.68355,2.246825,4.7152,2.53165,5,2.7848,4.810125,2.658225,4.62025,2.405075,4.082275,1.582275,4.68355,2.46835,4.841775,2.658225,5,3.1329,4.050625,1.550625,4.615925,2.3615,5,2.341775,3.829125,2.5633,4.5886,2.4367,g
5,4.36975,2.521,4.5828,2.541475,4.56595,2.561725,4.663875,2.542025,4.0126,2.64705,4.477325,2.618275,4.436025,2.635175,4.11765,2.9832,4.60085,2.60505,4.282125,2.67805,4.222375,2.689425,4.159675,2.710075,4.0932,2.7074,4.033625,2.542025,3.954675,2.718925,3.88325,2.722275,g
5,4.625325,2.545225,4.805275,2.5364,4.80115,2.5545,4.819125,2.70025,4.689925,2.78425,4.779025,2.608,4.76845,2.62545,4.683475,2.57105,4.89665,2.5,4.727425,2.676175,4.71075,2.692425,4.593025,2.771325,4.673075,2.72375,4.689925,2.71965,4.62995,2.75335,4.60645,2.76745,g
5,5,2.470525,5,2.491425,5,2.460875,5,2.460875,5,2.429775,5,2.445325,4.9957,2.422825,4.9882,2.41905,4.98285,2.4137,5,2.402975,5,2.374025,5,2.376725,4.99605,2.361825,4.985,2.3424,4.976425,2.337575,4.974275,2.3333,g
5,4.737625,2.4208,4.688125,2.638625,4.737625,2.53465,4.821775,2.5693,4.782175,2.47525,4.851475,2.4604,4.797025,2.58415,4.841575,2.5,4.856425,2.53465,4.762375,2.5198,4.717825,2.45545,4.732675,2.5594,4.72505,2.540275,4.702975,2.50495,4.683175,2.60395,4.668325,2.5594,g
5,4.751775,2.544325,5,2.455675,4.751775,2.517725,4.6188,2.64185,5,2.58865,4.9468,2.5266,4.93795,2.58865,5,2.420225,4.7429,2.420225,4.65425,2.695025,5,2.7305,4.751775,2.61525,4.857625,2.581175,4.867025,2.56205,5,2.5266,4.840425,2.5532,g
5,3.48485,1.89395,4.066375,2.53175,3.636375,2.727275,4.0909,2.727275,3.0303,1.9697,3.9394,2.8788,3.48485,2.5,3.9039,2.614025,3.787875,2.57575,4.4697,2.95455,3.257575,2.1212,3.71315,2.648225,3.65905,2.65355,3.333325,2.42425,3.5464,2.66025,3.48485,3.10605,g
5,4.667225,3.39875,4.30035,4.166675,3.430025,4.576225,2.71615,4.647325,1.89705,4.653025,1.205925,4.189425,0.78215,3.5381,0.574525,2.74745,0.765075,2.1587,1.2628,1.444825,1.686575,1.058025,2.4289,1.00115,2.884,1.171825,3.307725,1.5728,3.654725,2.007975,3.5239,2.5455,g
5,4.739075,3.447925,4.182775,4.23595,3.3979,4.7174,2.395175,4.833625,1.528125,4.61035,0.81815,4.05195,0.433,3.2589,0.34625,2.365875,0.6609,1.643125,1.20555,0.938925,1.9143,0.653625,2.672775,0.6536,3.338275,0.9426,3.81035,1.44785,4.030425,2.066425,4.001825,2.7165,g
5,4.763675,3.527825,4.13385,4.369025,3.248025,4.897625,2.16645,4.9455,1.1941,4.581575,0.508575,3.87715,0.084225,2.8798,0.174975,1.86115,0.703425,1.015525,1.46135,0.369875,2.44375,0.1553,3.40795,0.3658,4.18845,0.951025,4.649425,1.796925,4.71635,2.745,4.387375,3.657525,g
5,5,5,3.4175,2.65395,2.824825,4.817825,1.81035,4.8399,1.711825,3.442125,0.3202,3.42365,0.178575,2.278325,1.5271,1.6441,1.3362,0.4372,2.364525,0.1601,3.1404,1.988925,4.3448,1.35125,4.636775,2.329225,5,5,3.46675,2.50615,2.94395,4.49475,g
5,5,3.787875,3.636375,3.333325,2.651525,3.4091,1.6974,4.32655,1.363625,3.712125,1.0606,2.5,1.0606,2.196975,1.666675,1.287875,2.272725,0.3788,3.712125,1.0606,3.9394,1.4394,5,1.51515,4.324025,2.808275,4.92425,3.9394,3.10605,3.4091,2.727275,3.333325,g
5,4.70275,2.5,4.870425,2.4314,4.83995,2.4695,4.7561,2.545725,4.7561,2.545725,4.84755,2.522875,4.8933,2.507625,5,2.5686,4.855175,2.4695,4.77135,2.560975,4.786575,2.6372,4.992375,2.62195,4.74165,2.55565,4.77135,2.522875,5,2.6372,4.939025,2.4695,g
5,4.5656,2.7039,4.47695,2.2961,4.76065,2.455675,4.8227,2.5266,4.50355,2.721625,4.867025,2.482275,4.85815,2.5,4.83155,3.005325,4.875875,2.482275,4.787225,2.517725,4.5124,2.6773,4.778375,2.898925,4.738175,2.704125,4.4415,2.66845,4.813825,2.952125,4.813825,2.5,g
5,4.3617,2.76595,4.71765,2.52455,4.71355,2.536775,4.68085,2.46455,4.32625,2.76595,4.691425,2.5728,4.680875,2.58455,4.893625,2.695025,4.875875,2.606375,4.639925,2.618575,4.623275,2.62945,4.68085,2.7837,4.585725,2.65035,4.3617,2.41135,4.54275,2.67,4.51935,2.679325,g
5,4.68945,2.593175,4.748775,2.508575,4.73025,2.51275,4.658375,2.5,4.875775,2.686325,4.675525,2.52485,4.657575,2.528775,4.596275,2.344725,4.64285,2.5621,4.60455,2.540075,4.58715,2.543725,4.487575,2.3913,4.552775,2.550825,4.5497,2.7174,4.518925,2.5577,4.5022,2.561025,g
5,4.937825,2.51775,4.964475,2.54885,5,2.54885,4.98225,2.539975,4.893425,2.557725,4.92895,2.5888,5,2.59325,4.946725,2.553275,4.964475,2.6421,4.92895,2.6199,4.86235,2.63765,4.960025,2.5888,4.9385,2.661925,4.871225,2.704275,4.9778,2.655425,4.97335,2.748675,g
5,5,2.527625,5,2.527625,5,2.558,4.9862,2.4641,4.9862,2.494475,4.958575,2.558,5,2.5221,4.939225,2.519325,4.947525,2.541425,4.950275,2.516575,4.95305,2.552475,4.928175,2.483425,4.950825,2.54,4.947525,2.538675,4.9641,2.552475,4.96685,2.56905,g
5,5,2.46645,5,2.53915,5,2.4944,5,2.6566,4.944075,2.61185,4.899325,2.5727,5,2.6622,4.972025,2.5839,5,2.589475,4.9944,2.7349,4.893725,2.684575,5,2.751675,4.999725,2.719075,4.977625,2.712525,5,2.751675,5,2.751675,g
5,4.7105,3.4181,4.178075,4.18455,3.490325,4.659975,2.5606,4.82955,1.6213,4.592825,0.9921,3.97105,0.53355,3.46945,0.417875,2.48395,0.76705,1.675925,1.1874,1.1519,1.815575,0.79685,2.52015,0.75565,3.1507,0.98305,3.614225,1.415425,3.855225,1.96145,3.90715,2.570575,g
5,4.753675,3.54465,4.103275,4.393125,3.261,4.8787,1.988775,4.91335,1.112925,4.529775,0.453575,3.773725,0.07535,2.758625,0.2136,1.7147,0.745925,0.863475,1.69115,0.275025,2.646625,0.1457,3.612075,0.44615,4.352625,1.119225,4.735375,2.031875,4.697325,3.008975,4.263875,3.8713,g
5,3.319725,2.77605,2.89925,3.2327,2.8505,4.362125,1.871725,4.799825,2.087425,3.1666,0.90715,3.121625,0.05875,2.491575,1.919325,2.002275,1.73695,1.27785,2.13935,0.250225,2.733625,1.7771,3.207675,2.036,3.489975,2.21255,3.275125,2.64035,3.036075,3.0135,2.8344,3.16055,g
5,4.146125,3.590425,3.617025,4.3701,2.632975,4.62765,1.699325,4.553475,0.793675,3.8102,0.394725,2.677775,0.429725,1.781925,1.3242,0.706875,2.381025,0.34995,3.0823,0.5921,3.916575,1.1968,4.3575,2.033875,4.36895,3.092825,3.629625,3.976775,3.013725,4.4191,2.036675,4.3589,g
5,2.98665,2.643125,2.60495,3.129775,2.236075,3.72165,2.041975,2.041975,1.450375,2.652675,1.3645,2.729,2.0897,1.73665,2.242375,1.507625,2.96755,2.061075,3.3503,2.201175,3.21565,2.099225,3.041125,3.1173,2.597825,3.2773,2.404575,3.1584,2.08015,2.91985,1.746175,1.6603,g
5,4.95005,2.501875,5,2.5,4.97455,2.498125,4.868025,2.55985,4.9425,2.55325,4.9472,2.576825,4.97925,2.55845,4.848225,2.642825,4.8388,2.631975,4.94345,2.6381,5,2.656025,4.853875,2.702675,4.917725,2.681375,4.892525,2.7022,4.95475,2.70315,4.931175,2.7154,g
5,4.55635,2.3107,4.51155,2.505775,4.68785,2.46965,4.670525,2.31215,4.3208,2.20665,4.6156,2.625725,4.578025,2.315025,4.36995,2.667625,4.4581,2.65895,4.669075,2.44075,4.4711,2.3497,4.361275,2.44075,4.417925,2.431725,4.35115,2.30925,4.25145,2.3945,4.460975,2.53035,g
5,3.38365,2.1558,4.234675,2.439425,4.204875,2.41065,3.892925,2.347025,4.0459,2.238325,4.052475,2.336825,3.984025,2.317775,3.556775,1.839775,3.955325,2.6248,3.7434,2.280725,3.656025,2.275275,3.6252,2.4859,3.47865,2.27405,3.3897,2.24235,3.3058,2.284075,3.223575,2.2925,g
5,4.40115,2.5273,4.658375,2.50645,4.645525,2.5096,4.4997,2.5576,4.5376,2.8017,4.5774,2.5186,4.545375,2.52135,4.569425,2.32565,4.413275,2.597025,4.424475,2.5287,4.376775,2.5308,4.42845,2.492425,4.27215,2.534375,4.154025,2.521225,4.15745,2.5371,4.097175,2.538125,g
5,4.166675,2.46585,4.9351,2.670775,3.73975,3.753425,4.392075,2.493175,4.1291,2.148225,3.5041,1.277325,3.4802,3.968575,4.4194,3.295775,4.4638,2.783475,3.688525,1.376375,5,2.517075,4.0164,2.674175,4.2164,2.9272,4.6892,2.694675,3.8832,3.11475,2.84835,3.702175,g
5,4.5877,2.70745,4.343475,2.13235,4.608725,2.360825,4.761025,2.38445,4.734775,2.82825,4.529925,2.668075,4.482675,2.276775,5,2.447475,4.915975,2.66545,4.690125,2.528875,4.438025,2.66545,4.88445,2.39495,4.586975,2.503075,5,2.820375,4.6665,2.23215,4.76365,2.392325,g
5,4.877825,2.510475,4.879575,2.431925,4.83595,2.452,4.86475,2.54015,4.91275,2.582025,4.854275,2.68325,4.865625,2.46685,4.929325,2.5035,4.87085,2.65095,4.81675,2.7103,4.8281,2.752175,4.863,2.534025,4.83805,2.623125,4.828975,2.7042,4.85165,2.499125,4.787075,2.6178,g
5,4.867525,2.49915,4.830175,2.419325,4.879425,2.414225,4.8896,2.56115,4.8531,2.54415,4.814875,2.6172,4.84885,2.463475,4.870925,2.5501,4.8446,2.534825,4.78515,2.691925,4.73675,2.6537,4.8497,2.579825,4.812225,2.56355,4.803,2.55605,4.811475,2.51105,4.817425,2.485575,g
5,4.7652,2.458575,4.95305,2.450275,4.892275,2.40885,4.64365,2.50275,4.7431,2.417125,4.726525,2.4641,4.7652,2.38675,4.784525,2.4779,4.519325,2.1768,4.718225,2.530375,4.803875,2.442,4.77625,2.447525,4.728675,2.306,4.574575,2.06905,4.90055,2.406075,4.685075,2.093925,g
5,4.61775,2.838325,4.34095,2.346225,4.696825,2.7065,4.7232,2.271525,4.468375,2.66695,4.5167,2.491225,4.48155,2.47365,4.6441,2.385775,4.67925,2.412125,4.54305,2.26275,4.27505,2.60985,4.661675,2.12215,4.528675,2.37945,4.455175,2.482425,4.393675,2.33305,4.6441,2.346225,g
5,4.988475,2.352775,4.631075,2.55765,4.58495,1.5573,5,2.594,4.631075,2.056125,3.993875,1.376375,4.0134,1.544425,4.6089,1.53645,3.9553,1.6952,3.924275,1.75815,3.42365,1.316075,3.920275,1.220725,3.52695,1.3458,3.03165,1.64775,3.556675,1.137825,2.966025,1.3675,g